Date,PrecioDolar
"2015-02-01 00:00:00,000","8,555"
"2015-05-01 00:00:00,000","8,561"
"2015-06-01 00:00:00,000","8,572"
"2015-07-01 00:00:00,000","8,585"
"2015-08-01 00:00:00,000","8,592"
"2015-09-01 00:00:00,000","8,591"
"2015-12-01 00:00:00,000","8,591"
"2015-01-13 00:00:00,000","8,593"
"2015-01-14 00:00:00,000","8,595"
"2015-01-15 00:00:00,000","8,597"
"2015-01-16 00:00:00,000","8,601"
"2015-01-19 00:00:00,000","8,605"
"2015-01-20 00:00:00,000","8,611"
"2015-01-21 00:00:00,000","8,616"
"2015-01-22 00:00:00,000","8,621"
"2015-01-23 00:00:00,000","8,625"
"2015-01-26 00:00:00,000","8,625"
"2015-01-27 00:00:00,000","8,629"
"2015-01-28 00:00:00,000","8,631"
"2015-01-29 00:00:00,000","8,634"
"2015-01-30 00:00:00,000","8,644"
"2015-02-02 00:00:00,000","8,656"
"2015-03-02 00:00:00,000","8,661"
"2015-04-02 00:00:00,000","8,66"
"2015-05-02 00:00:00,000","8,66"
"2015-06-02 00:00:00,000","8,659"
"2015-09-02 00:00:00,000","8,666"
"2015-10-02 00:00:00,000","8,672"
"2015-11-02 00:00:00,000","8,678"
"2015-12-02 00:00:00,000","8,681"
"2015-02-13 00:00:00,000","8,685"
"2015-02-18 00:00:00,000","8,69"
"2015-02-19 00:00:00,000","8,697"
"2015-02-20 00:00:00,000","8,703"
"2015-02-23 00:00:00,000","8,71"
"2015-02-24 00:00:00,000","8,718"
"2015-02-25 00:00:00,000","8,722"
"2015-02-26 00:00:00,000","8,721"
"2015-02-27 00:00:00,000","8,726"
"2015-02-03 00:00:00,000","8,733"
"2015-03-03 00:00:00,000","8,739"
"2015-04-03 00:00:00,000","8,744"
"2015-05-03 00:00:00,000","8,75"
"2015-06-03 00:00:00,000","8,758"
"2015-09-03 00:00:00,000","8,764"
"2015-10-03 00:00:00,000","8,77"
"2015-11-03 00:00:00,000","8,777"
"2015-12-03 00:00:00,000","8,78"
"2015-03-13 00:00:00,000","8,783"
"2015-03-16 00:00:00,000","8,783"
"2015-03-17 00:00:00,000","8,787"
"2015-03-18 00:00:00,000","8,791"
"2015-03-19 00:00:00,000","8,794"
"2015-03-20 00:00:00,000","8,799"
"2015-03-25 00:00:00,000","8,801"
"2015-03-26 00:00:00,000","8,806"
"2015-03-27 00:00:00,000","8,81"
"2015-03-30 00:00:00,000","8,816"
"2015-03-31 00:00:00,000","8,822"
"2015-01-04 00:00:00,000","8,827"
"2015-06-04 00:00:00,000","8,831"
"2015-07-04 00:00:00,000","8,836"
"2015-08-04 00:00:00,000","8,841"
"2015-09-04 00:00:00,000","8,845"
"2015-10-04 00:00:00,000","8,85"
"2015-04-13 00:00:00,000","8,856"
"2015-04-14 00:00:00,000","8,858"
"2015-04-15 00:00:00,000","8,866"
"2015-04-16 00:00:00,000","8,866"
"2015-04-17 00:00:00,000","8,867"
"2015-04-20 00:00:00,000","8,871"
"2015-04-21 00:00:00,000","8,874"
"2015-04-22 00:00:00,000","8,879"
"2015-04-23 00:00:00,000","8,885"
"2015-04-24 00:00:00,000","8,89"
"2015-04-27 00:00:00,000","8,895"
"2015-04-28 00:00:00,000","8,897"
"2015-04-29 00:00:00,000","8,902"
"2015-04-30 00:00:00,000","8,907"
"2015-04-05 00:00:00,000","8,912"
"2015-05-05 00:00:00,000","8,917"
"2015-06-05 00:00:00,000","8,922"
"2015-07-05 00:00:00,000","8,924"
"2015-08-05 00:00:00,000","8,928"
"2015-11-05 00:00:00,000","8,933"
"2015-12-05 00:00:00,000","8,936"
"2015-05-13 00:00:00,000","8,94"
"2015-05-14 00:00:00,000","8,944"
"2015-05-15 00:00:00,000","8,947"
"2015-05-18 00:00:00,000","8,953"
"2015-05-19 00:00:00,000","8,958"
"2015-05-20 00:00:00,000","8,962"
"2015-05-21 00:00:00,000","8,968"
"2015-05-22 00:00:00,000","8,971"
"2015-05-26 00:00:00,000","8,978"
"2015-05-27 00:00:00,000","8,983"
"2015-05-28 00:00:00,000","8,986"
"2015-05-29 00:00:00,000","8,992"
"2015-01-06 00:00:00,000","8,996"
"2015-02-06 00:00:00,000","9,001"
"2015-03-06 00:00:00,000","9,007"
"2015-04-06 00:00:00,000","9,01"
"2015-05-06 00:00:00,000","9,014"
"2015-08-06 00:00:00,000","9,018"
"2015-09-06 00:00:00,000","9,023"
"2015-10-06 00:00:00,000","9,029"
"2015-11-06 00:00:00,000","9,032"
"2015-12-06 00:00:00,000","9,037"
"2015-06-15 00:00:00,000","9,041"
"2015-06-16 00:00:00,000","9,044"
"2015-06-17 00:00:00,000","9,05"
"2015-06-18 00:00:00,000","9,052"
"2015-06-19 00:00:00,000","9,056"
"2015-06-22 00:00:00,000","9,061"
"2015-06-23 00:00:00,000","9,065"
"2015-06-24 00:00:00,000","9,069"
"2015-06-25 00:00:00,000","9,073"
"2015-06-26 00:00:00,000","9,078"
"2015-06-29 00:00:00,000","9,083"
"2015-06-30 00:00:00,000","9,088"
"2015-01-07 00:00:00,000","9,093"
"2015-02-07 00:00:00,000","9,097"
"2015-03-07 00:00:00,000","9,104"
"2015-06-07 00:00:00,000","9,108"
"2015-07-07 00:00:00,000","9,114"
"2015-08-07 00:00:00,000","9,118"
"2015-10-07 00:00:00,000","9,124"
"2015-07-13 00:00:00,000","9,128"
"2015-07-14 00:00:00,000","9,132"
"2015-07-15 00:00:00,000","9,137"
"2015-07-16 00:00:00,000","9,142"
"2015-07-17 00:00:00,000","9,146"
"2015-07-20 00:00:00,000","9,151"
"2015-07-21 00:00:00,000","9,156"
"2015-07-22 00:00:00,000","9,161"
"2015-07-23 00:00:00,000","9,165"
"2015-07-24 00:00:00,000","9,168"
"2015-07-27 00:00:00,000","9,173"
"2015-07-28 00:00:00,000","9,178"
"2015-07-29 00:00:00,000","9,182"
"2015-07-30 00:00:00,000","9,187"
"2015-07-31 00:00:00,000","9,19"
"2015-03-08 00:00:00,000","9,195"
"2015-04-08 00:00:00,000","9,2"
"2015-05-08 00:00:00,000","9,205"
"2015-06-08 00:00:00,000","9,209"
"2015-07-08 00:00:00,000","9,214"
"2015-10-08 00:00:00,000","9,22"
"2015-11-08 00:00:00,000","9,227"
"2015-12-08 00:00:00,000","9,231"
"2015-08-13 00:00:00,000","9,237"
"2015-08-14 00:00:00,000","9,24"
"2015-08-18 00:00:00,000","9,245"
"2015-08-19 00:00:00,000","9,251"
"2015-08-20 00:00:00,000","9,255"
"2015-08-21 00:00:00,000","9,26"
"2015-08-24 00:00:00,000","9,267"
"2015-08-25 00:00:00,000","9,272"
"2015-08-26 00:00:00,000","9,279"
"2015-08-27 00:00:00,000","9,284"
"2015-08-28 00:00:00,000","9,29"
"2015-08-31 00:00:00,000","9,296"
"2015-01-09 00:00:00,000","9,304"
"2015-02-09 00:00:00,000","9,31"
"2015-03-09 00:00:00,000","9,317"
"2015-04-09 00:00:00,000","9,322"
"2015-07-09 00:00:00,000","9,34"
"2015-08-09 00:00:00,000","9,337"
"2015-09-09 00:00:00,000","9,344"
"2015-10-09 00:00:00,000","9,35"
"2015-11-09 00:00:00,000","9,354"
"2015-09-14 00:00:00,000","9,359"
"2015-09-15 00:00:00,000","9,365"
"2015-09-16 00:00:00,000","9,371"
"2015-09-17 00:00:00,000","9,377"
"2015-09-18 00:00:00,000","9,382"
"2015-09-21 00:00:00,000","9,387"
"2015-09-22 00:00:00,000","9,391"
"2015-09-23 00:00:00,000","9,398"
"2015-09-24 00:00:00,000","9,404"
"2015-09-25 00:00:00,000","9,407"
"2015-09-28 00:00:00,000","9,41"
"2015-09-29 00:00:00,000","9,416"
"2015-09-30 00:00:00,000","9,422"
"2015-01-10 00:00:00,000","9,43"
"2015-02-10 00:00:00,000","9,438"
"2015-05-10 00:00:00,000","9,444"
"2015-06-10 00:00:00,000","9,451"
"2015-07-10 00:00:00,000","9,456"
"2015-08-10 00:00:00,000","9,46"
"2015-09-10 00:00:00,000","9,465"
"2015-10-13 00:00:00,000","9,474"
"2015-10-14 00:00:00,000","9,479"
"2015-10-15 00:00:00,000","9,484"
"2015-10-16 00:00:00,000","9,49"
"2015-10-19 00:00:00,000","9,498"
"2015-10-20 00:00:00,000","9,504"
"2015-10-21 00:00:00,000","9,511"
"2015-10-22 00:00:00,000","9,514"
"2015-10-23 00:00:00,000","9,52"
"2015-10-26 00:00:00,000","9,527"
"2015-10-27 00:00:00,000","9,533"
"2015-10-28 00:00:00,000","9,538"
"2015-10-29 00:00:00,000","9,542"
"2015-10-30 00:00:00,000","9,546"
"2015-02-11 00:00:00,000","9,555"
"2015-03-11 00:00:00,000","9,562"
"2015-04-11 00:00:00,000","9,572"
"2015-05-11 00:00:00,000","9,58"
"2015-09-11 00:00:00,000","9,587"
"2015-10-11 00:00:00,000","9,596"
"2015-11-11 00:00:00,000","9,603"
"2015-12-11 00:00:00,000","9,615"
"2015-11-13 00:00:00,000","9,624"
"2015-11-16 00:00:00,000","9,635"
"2015-11-17 00:00:00,000","9,642"
"2015-11-18 00:00:00,000","9,648"
"2015-11-19 00:00:00,000","9,657"
"2015-11-20 00:00:00,000","9,668"
"2015-11-23 00:00:00,000","9,672"
"2015-11-24 00:00:00,000","9,674"
"2015-11-25 00:00:00,000","9,678"
"2015-11-26 00:00:00,000","9,678"
"2015-11-30 00:00:00,000","9,688"
"2015-01-12 00:00:00,000","9,698"
"2015-02-12 00:00:00,000","9,709"
"2015-03-12 00:00:00,000","9,72"
"2015-04-12 00:00:00,000","9,73"
"2015-09-12 00:00:00,000","9,736"
"2015-10-12 00:00:00,000","9,751"
"2015-11-12 00:00:00,000","9,773"
"2015-12-14 00:00:00,000","9,786"
"2015-12-15 00:00:00,000","9,806"
"2015-12-16 00:00:00,000","9,826"
"2015-12-17 00:00:00,000","13,4"
"2015-12-18 00:00:00,000","13,25"
"2015-12-21 00:00:00,000","12,86"
"2015-12-22 00:00:00,000","12,98"
"2015-12-23 00:00:00,000","13,02"
"2015-12-24 00:00:00,000","13,08"
"2015-12-28 00:00:00,000",13
"2015-12-29 00:00:00,000","12,963"
"2015-12-30 00:00:00,000","12,984"
"2015-12-31 00:00:00,000","13,04"
"2016-04-01 00:00:00,000","13,2"
"2016-05-01 00:00:00,000","13,65"
"2016-06-01 00:00:00,000","13,89"
"2016-07-01 00:00:00,000","13,9"
"2016-08-01 00:00:00,000","13,88"
"2016-11-01 00:00:00,000","13,65"
"2016-12-01 00:00:00,000","13,55"
"2016-01-13 00:00:00,000","13,54"
"2016-01-14 00:00:00,000","13,25"
"2016-01-15 00:00:00,000","13,4"
"2016-01-18 00:00:00,000","13,56"
"2016-01-19 00:00:00,000","13,43"
"2016-01-20 00:00:00,000","13,5"
"2016-01-21 00:00:00,000","13,6"
"2016-01-22 00:00:00,000","13,73"
"2016-01-25 00:00:00,000","13,81"
"2016-01-26 00:00:00,000","13,85"
"2016-01-27 00:00:00,000","13,88"
"2016-01-28 00:00:00,000","13,84"
"2016-01-29 00:00:00,000","13,96"
"2016-01-02 00:00:00,000","14,13"
"2016-02-02 00:00:00,000","14,135"
"2016-03-02 00:00:00,000","14,16"
"2016-04-02 00:00:00,000","14,23"
"2016-05-02 00:00:00,000","14,361"
"2016-10-02 00:00:00,000","14,5"
"2016-11-02 00:00:00,000","14,64"
"2016-12-02 00:00:00,000","14,73"
"2016-02-15 00:00:00,000","14,8"
"2016-02-16 00:00:00,000","14,838"
"2016-02-17 00:00:00,000","14,99"
"2016-02-18 00:00:00,000","15,06"
"2016-02-19 00:00:00,000","15,06"
"2016-02-22 00:00:00,000","15,25"
"2016-02-23 00:00:00,000","15,3"
"2016-02-24 00:00:00,000","15,35"
"2016-02-25 00:00:00,000","15,39"
"2016-02-26 00:00:00,000","15,47"
"2016-02-29 00:00:00,000","15,8"
"2016-01-03 00:00:00,000","15,8"
"2016-02-03 00:00:00,000","15,66"
"2016-03-03 00:00:00,000","15,2"
"2016-04-03 00:00:00,000","15,2"
"2016-07-03 00:00:00,000","15,405"
"2016-08-03 00:00:00,000","15,449"
"2016-09-03 00:00:00,000","15,37"
"2016-10-03 00:00:00,000","15,34"
"2016-11-03 00:00:00,000","14,85"
"2016-03-14 00:00:00,000","14,8"
"2016-03-15 00:00:00,000","14,52"
"2016-03-16 00:00:00,000","14,61"
"2016-03-17 00:00:00,000","14,95"
"2016-03-18 00:00:00,000","14,76"
"2016-03-21 00:00:00,000","14,47"
"2016-03-22 00:00:00,000","14,39"
"2016-03-23 00:00:00,000","14,5"
"2016-03-28 00:00:00,000","14,83"
"2016-03-29 00:00:00,000","14,63"
"2016-03-30 00:00:00,000","14,6"
"2016-03-31 00:00:00,000","14,7"
"2016-01-04 00:00:00,000","14,79"
"2016-04-04 00:00:00,000","14,73"
"2016-05-04 00:00:00,000","14,68"
"2016-06-04 00:00:00,000","14,6"
"2016-07-04 00:00:00,000","14,47"
"2016-08-04 00:00:00,000","14,48"
"2016-11-04 00:00:00,000","14,52"
"2016-12-04 00:00:00,000","14,455"
"2016-04-13 00:00:00,000","14,395"
"2016-04-14 00:00:00,000","14,33"
"2016-04-15 00:00:00,000","14,05"
"2016-04-18 00:00:00,000","14,14"
"2016-04-19 00:00:00,000","14,19"
"2016-04-20 00:00:00,000","14,34"
"2016-04-21 00:00:00,000","14,27"
"2016-04-22 00:00:00,000","14,3"
"2016-04-25 00:00:00,000","14,33"
"2016-04-26 00:00:00,000","14,31"
"2016-04-27 00:00:00,000","14,19"
"2016-04-28 00:00:00,000","14,3"
"2016-04-29 00:00:00,000","14,25"
"2016-02-05 00:00:00,000","14,19"
"2016-03-05 00:00:00,000","14,2"
"2016-04-05 00:00:00,000","14,24"
"2016-05-05 00:00:00,000","14,24"
"2016-06-05 00:00:00,000","14,21"
"2016-09-05 00:00:00,000","14,235"
"2016-10-05 00:00:00,000","14,234"
"2016-11-05 00:00:00,000","14,21"
"2016-12-05 00:00:00,000","14,17"
"2016-05-13 00:00:00,000","14,15"
"2016-05-16 00:00:00,000","14,137"
"2016-05-17 00:00:00,000","14,14"
"2016-05-18 00:00:00,000","14,135"
"2016-05-19 00:00:00,000","14,1"
"2016-05-20 00:00:00,000","14,035"
"2016-05-23 00:00:00,000","13,99"
"2016-05-24 00:00:00,000","14,05"
"2016-05-26 00:00:00,000","13,995"
"2016-05-27 00:00:00,000","13,92"
"2016-05-30 00:00:00,000","13,99"
"2016-05-31 00:00:00,000","13,991"
"2016-01-06 00:00:00,000","13,95"
"2016-02-06 00:00:00,000","13,9"
"2016-03-06 00:00:00,000","13,851"
"2016-06-06 00:00:00,000","13,77"
"2016-07-06 00:00:00,000","13,84"
"2016-08-06 00:00:00,000","13,9"
"2016-09-06 00:00:00,000","13,82"
"2016-10-06 00:00:00,000","13,8"
"2016-06-13 00:00:00,000","13,8"
"2016-06-14 00:00:00,000","13,75"
"2016-06-15 00:00:00,000","13,745"
"2016-06-16 00:00:00,000","13,92"
"2016-06-21 00:00:00,000","13,97"
"2016-06-22 00:00:00,000","14,07"
"2016-06-23 00:00:00,000","14,45"
"2016-06-24 00:00:00,000","14,93"
"2016-06-27 00:00:00,000","15,3"
"2016-06-28 00:00:00,000","14,9"
"2016-06-29 00:00:00,000","14,98"
"2016-06-30 00:00:00,000","15,04"
"2016-01-07 00:00:00,000",15
"2016-04-07 00:00:00,000","15,06"
"2016-05-07 00:00:00,000","14,8"
"2016-06-07 00:00:00,000","14,695"
"2016-07-07 00:00:00,000","14,725"
"2016-11-07 00:00:00,000","14,64"
"2016-12-07 00:00:00,000","14,56"
"2016-07-13 00:00:00,000","14,57"
"2016-07-14 00:00:00,000","14,74"
"2016-07-15 00:00:00,000","14,95"
"2016-07-18 00:00:00,000","15,15"
"2016-07-19 00:00:00,000",15
"2016-07-20 00:00:00,000","15,07"
"2016-07-21 00:00:00,000",15
"2016-07-22 00:00:00,000","14,91"
"2016-07-25 00:00:00,000","14,95"
"2016-07-26 00:00:00,000","14,95"
"2016-07-27 00:00:00,000",15
"2016-07-28 00:00:00,000","15,04"
"2016-07-29 00:00:00,000","15,01"
"2016-01-08 00:00:00,000","14,93"
"2016-02-08 00:00:00,000","14,85"
"2016-03-08 00:00:00,000","14,87"
"2016-04-08 00:00:00,000","14,85"
"2016-05-08 00:00:00,000","14,79"
"2016-08-08 00:00:00,000","14,67"
"2016-09-08 00:00:00,000","14,77"
"2016-10-08 00:00:00,000","14,67"
"2016-11-08 00:00:00,000","14,66"
"2016-12-08 00:00:00,000","14,67"
"2016-08-16 00:00:00,000","14,67"
"2016-08-17 00:00:00,000","14,78"
"2016-08-18 00:00:00,000","14,94"
"2016-08-19 00:00:00,000","14,918"
"2016-08-22 00:00:00,000","14,81"
"2016-08-23 00:00:00,000","14,84"
"2016-08-24 00:00:00,000","14,86"
"2016-08-25 00:00:00,000","14,89"
"2016-08-26 00:00:00,000",15
"2016-08-29 00:00:00,000","15,1"
"2016-08-30 00:00:00,000","15,01"
"2016-08-31 00:00:00,000","14,93"
"2016-01-09 00:00:00,000","14,9"
"2016-02-09 00:00:00,000","14,99"
"2016-05-09 00:00:00,000","15,02"
"2016-06-09 00:00:00,000","15,02"
"2016-07-09 00:00:00,000","15,05"
"2016-08-09 00:00:00,000","15,07"
"2016-09-09 00:00:00,000","14,98"
"2016-12-09 00:00:00,000","14,95"
"2016-09-13 00:00:00,000",15
"2016-09-14 00:00:00,000","15,03"
"2016-09-15 00:00:00,000","15,07"
"2016-09-16 00:00:00,000","15,13"
"2016-09-19 00:00:00,000","15,15"
"2016-09-20 00:00:00,000","15,14"
"2016-09-21 00:00:00,000","15,14"
"2016-09-22 00:00:00,000","15,164"
"2016-09-23 00:00:00,000","15,166"
"2016-09-26 00:00:00,000","15,24"
"2016-09-27 00:00:00,000","15,28"
"2016-09-28 00:00:00,000","15,39"
"2016-09-29 00:00:00,000","15,375"
"2016-09-30 00:00:00,000","15,31"
"2016-03-10 00:00:00,000","15,195"
"2016-04-10 00:00:00,000","15,17"
"2016-05-10 00:00:00,000","15,19"
"2016-06-10 00:00:00,000","15,21"
"2016-07-10 00:00:00,000","15,185"
"2016-11-10 00:00:00,000","15,17"
"2016-12-10 00:00:00,000","15,07"
"2016-10-13 00:00:00,000","15,132"
"2016-10-14 00:00:00,000","15,175"
"2016-10-17 00:00:00,000","15,198"
"2016-10-18 00:00:00,000","15,208"
"2016-10-19 00:00:00,000","15,195"
"2016-10-20 00:00:00,000","15,155"
"2016-10-21 00:00:00,000","15,135"
"2016-10-24 00:00:00,000","15,146"
"2016-10-25 00:00:00,000","15,23"
"2016-10-26 00:00:00,000","15,205"
"2016-10-27 00:00:00,000","15,174"
"2016-10-28 00:00:00,000","15,19"
"2016-10-31 00:00:00,000","15,15"
"2016-01-11 00:00:00,000","15,075"
"2016-02-11 00:00:00,000","15,11"
"2016-03-11 00:00:00,000","15,1"
"2016-04-11 00:00:00,000","15,06"
"2016-07-11 00:00:00,000","15,05"
"2016-08-11 00:00:00,000","14,93"
"2016-09-11 00:00:00,000","14,92"
"2016-10-11 00:00:00,000","15,03"
"2016-11-11 00:00:00,000","15,37"
"2016-11-14 00:00:00,000","15,65"
"2016-11-15 00:00:00,000","15,5"
"2016-11-16 00:00:00,000","15,5"
"2016-11-17 00:00:00,000","15,48"
"2016-11-18 00:00:00,000","15,47"
"2016-11-21 00:00:00,000","15,385"
"2016-11-22 00:00:00,000","15,45"
"2016-11-23 00:00:00,000","15,54"
"2016-11-24 00:00:00,000","15,54"
"2016-11-25 00:00:00,000","15,545"
"2016-11-29 00:00:00,000","15,7"
"2016-11-30 00:00:00,000","15,868"
"2016-01-12 00:00:00,000","15,84"
"2016-02-12 00:00:00,000","15,94"
"2016-05-12 00:00:00,000","15,871"
"2016-06-12 00:00:00,000","15,92"
"2016-07-12 00:00:00,000","15,99"
"2016-12-12 00:00:00,000","16,03"
"2016-12-13 00:00:00,000","15,966"
"2016-12-14 00:00:00,000","15,97"
"2016-12-15 00:00:00,000","15,96"
"2016-12-16 00:00:00,000","15,9"
"2016-12-19 00:00:00,000","15,84"
"2016-12-20 00:00:00,000","15,86"
"2016-12-21 00:00:00,000","15,79"
"2016-12-22 00:00:00,000","15,73"
"2016-12-23 00:00:00,000","15,497"
"2016-12-26 00:00:00,000","15,54"
"2016-12-27 00:00:00,000","15,55"
"2016-12-28 00:00:00,000","15,75"
"2016-12-29 00:00:00,000","15,928"
"2016-12-30 00:00:00,000","15,89"
"2017-02-01 00:00:00,000","15,92"
"2017-03-01 00:00:00,000","15,945"
"2017-04-01 00:00:00,000","16,08"
"2017-05-01 00:00:00,000","15,96"
"2017-06-01 00:00:00,000","15,81"
"2017-09-01 00:00:00,000","15,885"
"2017-10-01 00:00:00,000","15,85"
"2017-11-01 00:00:00,000","15,85"
"2017-12-01 00:00:00,000","15,81"
"2017-01-13 00:00:00,000","15,853"
"2017-01-16 00:00:00,000","15,88"
"2017-01-17 00:00:00,000","15,909"
"2017-01-18 00:00:00,000","15,975"
"2017-01-19 00:00:00,000","15,9"
"2017-01-20 00:00:00,000","15,915"
"2017-01-23 00:00:00,000","15,94"
"2017-01-24 00:00:00,000","15,93"
"2017-01-25 00:00:00,000","15,955"
"2017-01-26 00:00:00,000","15,92"
"2017-01-27 00:00:00,000","15,9"
"2017-01-30 00:00:00,000","15,92"
"2017-01-31 00:00:00,000","15,897"
"2017-01-02 00:00:00,000","15,8"
"2017-02-02 00:00:00,000","15,68"
"2017-03-02 00:00:00,000","15,62"
"2017-06-02 00:00:00,000","15,78"
"2017-07-02 00:00:00,000","15,675"
"2017-08-02 00:00:00,000","15,675"
"2017-09-02 00:00:00,000","15,61"
"2017-10-02 00:00:00,000","15,54"
"2017-02-13 00:00:00,000","15,485"
"2017-02-14 00:00:00,000","15,47"
"2017-02-15 00:00:00,000","15,36"
"2017-02-16 00:00:00,000","15,435"
"2017-02-17 00:00:00,000","15,68"
"2017-02-20 00:00:00,000","15,685"
"2017-02-21 00:00:00,000","15,61"
"2017-02-22 00:00:00,000","15,565"
"2017-02-23 00:00:00,000","15,5"
"2017-02-24 00:00:00,000","15,48"
"2017-01-03 00:00:00,000","15,42"
"2017-02-03 00:00:00,000","15,4"
"2017-03-03 00:00:00,000","15,45"
"2017-06-03 00:00:00,000","15,48"
"2017-07-03 00:00:00,000","15,55"
"2017-08-03 00:00:00,000","15,645"
"2017-09-03 00:00:00,000","15,53"
"2017-10-03 00:00:00,000","15,48"
"2017-03-13 00:00:00,000","15,54"
"2017-03-14 00:00:00,000","15,535"
"2017-03-15 00:00:00,000","15,57"
"2017-03-16 00:00:00,000","15,53"
"2017-03-17 00:00:00,000","15,56"
"2017-03-20 00:00:00,000","15,63"
"2017-03-21 00:00:00,000","15,6"
"2017-03-22 00:00:00,000","15,635"
"2017-03-23 00:00:00,000","15,59"
"2017-03-27 00:00:00,000","15,565"
"2017-03-28 00:00:00,000","15,538"
"2017-03-29 00:00:00,000","15,43"
"2017-03-30 00:00:00,000","15,41"
"2017-03-31 00:00:00,000","15,39"
"2017-03-04 00:00:00,000","15,395"
"2017-04-04 00:00:00,000","15,35"
"2017-05-04 00:00:00,000","15,362"
"2017-06-04 00:00:00,000","15,39"
"2017-07-04 00:00:00,000","15,345"
"2017-10-04 00:00:00,000","15,21"
"2017-11-04 00:00:00,000","15,265"
"2017-12-04 00:00:00,000","15,19"
"2017-04-17 00:00:00,000","15,2"
"2017-04-18 00:00:00,000","15,299"
"2017-04-19 00:00:00,000","15,4"
"2017-04-20 00:00:00,000","15,389"
"2017-04-21 00:00:00,000","15,49"
"2017-04-24 00:00:00,000","15,39"
"2017-04-25 00:00:00,000","15,42"
"2017-04-26 00:00:00,000","15,49"
"2017-04-27 00:00:00,000","15,42"
"2017-04-28 00:00:00,000","15,4"
"2017-02-05 00:00:00,000","15,3"
"2017-03-05 00:00:00,000","15,29"
"2017-04-05 00:00:00,000","15,31"
"2017-05-05 00:00:00,000","15,37"
"2017-08-05 00:00:00,000","15,47"
"2017-09-05 00:00:00,000","15,525"
"2017-10-05 00:00:00,000","15,51"
"2017-11-05 00:00:00,000","15,435"
"2017-12-05 00:00:00,000","15,44"
"2017-05-15 00:00:00,000","15,53"
"2017-05-16 00:00:00,000","15,58"
"2017-05-17 00:00:00,000","15,61"
"2017-05-18 00:00:00,000",16
"2017-05-19 00:00:00,000","16,05"
"2017-05-22 00:00:00,000","16,185"
"2017-05-23 00:00:00,000","16,09"
"2017-05-24 00:00:00,000","16,09"
"2017-05-26 00:00:00,000","16,01"
"2017-05-29 00:00:00,000","16,03"
"2017-05-30 00:00:00,000","16,15"
"2017-05-31 00:00:00,000","16,1"
"2017-01-06 00:00:00,000","16,06"
"2017-02-06 00:00:00,000",16
"2017-05-06 00:00:00,000","15,995"
"2017-06-06 00:00:00,000","16,01"
"2017-07-06 00:00:00,000","15,99"
"2017-08-06 00:00:00,000","15,9"
"2017-09-06 00:00:00,000","15,92"
"2017-12-06 00:00:00,000","15,925"
"2017-06-13 00:00:00,000","15,89"
"2017-06-14 00:00:00,000","15,878"
"2017-06-15 00:00:00,000","15,98"
"2017-06-16 00:00:00,000","16,04"
"2017-06-19 00:00:00,000","16,15"
"2017-06-21 00:00:00,000","16,22"
"2017-06-22 00:00:00,000","16,145"
"2017-06-23 00:00:00,000","16,175"
"2017-06-26 00:00:00,000","16,32"
"2017-06-27 00:00:00,000","16,4"
"2017-06-28 00:00:00,000","16,45"
"2017-06-29 00:00:00,000","16,5"
"2017-06-30 00:00:00,000","16,63"
"2017-03-07 00:00:00,000","16,8"
"2017-04-07 00:00:00,000","16,93"
"2017-05-07 00:00:00,000","17,14"
"2017-06-07 00:00:00,000","17,08"
"2017-07-07 00:00:00,000","16,98"
"2017-10-07 00:00:00,000","16,995"
"2017-11-07 00:00:00,000",17
"2017-12-07 00:00:00,000","16,949"
"2017-07-13 00:00:00,000","16,95"
"2017-07-14 00:00:00,000","16,85"
"2017-07-17 00:00:00,000","16,93"
"2017-07-18 00:00:00,000","17,2"
"2017-07-19 00:00:00,000","17,15"
"2017-07-20 00:00:00,000","17,2"
"2017-07-21 00:00:00,000","17,42"
"2017-07-24 00:00:00,000","17,43"
"2017-07-25 00:00:00,000","17,48"
"2017-07-26 00:00:00,000","17,5"
"2017-07-27 00:00:00,000","17,64"
"2017-07-28 00:00:00,000","17,79"
"2017-07-31 00:00:00,000","17,64"
"2017-01-08 00:00:00,000","17,584"
"2017-02-08 00:00:00,000","17,6"
"2017-03-08 00:00:00,000","17,67"
"2017-04-08 00:00:00,000","17,67"
"2017-07-08 00:00:00,000","17,7"
"2017-08-08 00:00:00,000","17,723"
"2017-09-08 00:00:00,000","17,7"
"2017-10-08 00:00:00,000","17,71"
"2017-11-08 00:00:00,000","17,71"
"2017-08-14 00:00:00,000","17,13"
"2017-08-15 00:00:00,000","17,07"
"2017-08-16 00:00:00,000","17,21"
"2017-08-17 00:00:00,000","17,36"
"2017-08-18 00:00:00,000","17,27"
"2017-08-22 00:00:00,000","17,21"
"2017-08-23 00:00:00,000","17,23"
"2017-08-24 00:00:00,000","17,21"
"2017-08-25 00:00:00,000","17,22"
"2017-08-28 00:00:00,000","17,23"
"2017-08-29 00:00:00,000","17,395"
"2017-08-30 00:00:00,000","17,39"
"2017-08-31 00:00:00,000","17,31"
"2017-01-09 00:00:00,000","17,2"
"2017-04-09 00:00:00,000","17,23"
"2017-05-09 00:00:00,000","17,24"
"2017-06-09 00:00:00,000","17,215"
"2017-07-09 00:00:00,000","17,2"
"2017-08-09 00:00:00,000","17,2"
"2017-11-09 00:00:00,000","17,15"
"2017-12-09 00:00:00,000","17,07"
"2017-09-13 00:00:00,000","17,07"
"2017-09-14 00:00:00,000","16,99"
"2017-09-15 00:00:00,000","16,975"
"2017-09-18 00:00:00,000","17,115"
"2017-09-19 00:00:00,000","17,14"
"2017-09-20 00:00:00,000","17,19"
"2017-09-21 00:00:00,000","17,27"
"2017-09-22 00:00:00,000","17,31"
"2017-09-25 00:00:00,000","17,51"
"2017-09-26 00:00:00,000","17,58"
"2017-09-27 00:00:00,000","17,56"
"2017-09-28 00:00:00,000","17,49"
"2017-09-29 00:00:00,000","17,31"
"2017-02-10 00:00:00,000","17,415"
"2017-03-10 00:00:00,000","17,415"
"2017-04-10 00:00:00,000","17,357"
"2017-05-10 00:00:00,000","17,405"
"2017-06-10 00:00:00,000","17,445"
"2017-09-10 00:00:00,000","17,46"
"2017-10-10 00:00:00,000","17,425"
"2017-11-10 00:00:00,000","17,418"
"2017-12-10 00:00:00,000","17,415"
"2017-10-13 00:00:00,000","17,344"
"2017-10-17 00:00:00,000","17,335"
"2017-10-18 00:00:00,000","17,35"
"2017-10-19 00:00:00,000","17,45"
"2017-10-20 00:00:00,000","17,42"
"2017-10-23 00:00:00,000","17,415"
"2017-10-24 00:00:00,000","17,5"
"2017-10-25 00:00:00,000","17,49"
"2017-10-26 00:00:00,000","17,66"
"2017-10-27 00:00:00,000","17,625"
"2017-10-30 00:00:00,000","17,7"
"2017-10-31 00:00:00,000","17,655"
"2017-01-11 00:00:00,000","17,61"
"2017-02-11 00:00:00,000","17,52"
"2017-03-11 00:00:00,000","17,64"
"2017-07-11 00:00:00,000","17,65"
"2017-08-11 00:00:00,000","17,52"
"2017-09-11 00:00:00,000","17,515"
"2017-10-11 00:00:00,000","17,495"
"2017-11-13 00:00:00,000","17,5"
"2017-11-14 00:00:00,000","17,5"
"2017-11-15 00:00:00,000","17,5"
"2017-11-16 00:00:00,000","17,484"
"2017-11-17 00:00:00,000","17,485"
"2017-11-21 00:00:00,000","17,49"
"2017-11-22 00:00:00,000","17,43"
"2017-11-23 00:00:00,000","17,42"
"2017-11-24 00:00:00,000","17,35"
"2017-11-27 00:00:00,000","17,32"
"2017-11-28 00:00:00,000","17,365"
"2017-11-29 00:00:00,000","17,425"
"2017-11-30 00:00:00,000","17,305"
"2017-01-12 00:00:00,000","17,23"
"2017-04-12 00:00:00,000","17,355"
"2017-05-12 00:00:00,000","17,29"
"2017-06-12 00:00:00,000","17,255"
"2017-07-12 00:00:00,000","17,28"
"2017-11-12 00:00:00,000","17,24"
"2017-12-12 00:00:00,000","17,35"
"2017-12-13 00:00:00,000","17,31"
"2017-12-14 00:00:00,000","17,45"
"2017-12-15 00:00:00,000","17,515"
"2017-12-18 00:00:00,000","17,57"
"2017-12-19 00:00:00,000","17,57"
"2017-12-20 00:00:00,000","17,76"
"2017-12-21 00:00:00,000","17,955"
"2017-12-22 00:00:00,000","18,07"
"2017-12-26 00:00:00,000","18,335"
"2017-12-27 00:00:00,000","18,436"
"2017-12-28 00:00:00,000","19,2"
"2017-12-29 00:00:00,000","18,649"
"2018-02-01 00:00:00,000","18,41"
"2018-03-01 00:00:00,000","18,445"
"2018-04-01 00:00:00,000","18,63"
"2018-05-01 00:00:00,000","18,86"
"2018-08-01 00:00:00,000","19,03"
"2018-09-01 00:00:00,000","18,93"
"2018-10-01 00:00:00,000","18,62"
"2018-11-01 00:00:00,000","18,71"
"2018-12-01 00:00:00,000","18,69"
"2018-01-15 00:00:00,000","18,77"
"2018-01-16 00:00:00,000","18,9"
"2018-01-17 00:00:00,000","18,85"
"2018-01-18 00:00:00,000","18,87"
"2018-01-19 00:00:00,000","18,995"
"2018-01-22 00:00:00,000","19,146"
"2018-01-23 00:00:00,000","19,335"
"2018-01-24 00:00:00,000","19,65"
"2018-01-25 00:00:00,000","19,56"
"2018-01-26 00:00:00,000","19,57"
"2018-01-29 00:00:00,000","19,58"
"2018-01-30 00:00:00,000","19,635"
"2018-01-31 00:00:00,000","19,65"
"2018-01-02 00:00:00,000","19,38"
"2018-02-02 00:00:00,000","19,495"
"2018-05-02 00:00:00,000","19,48"
"2018-06-02 00:00:00,000","19,56"
"2018-07-02 00:00:00,000","19,695"
"2018-08-02 00:00:00,000","19,97"
"2018-09-02 00:00:00,000","19,98"
"2018-02-14 00:00:00,000","19,9"
"2018-02-15 00:00:00,000","19,66"
"2018-02-16 00:00:00,000","19,76"
"2018-02-19 00:00:00,000","19,9"
"2018-02-20 00:00:00,000","19,85"
"2018-02-21 00:00:00,000","19,925"
"2018-02-22 00:00:00,000","19,95"
"2018-02-23 00:00:00,000","19,98"
"2018-02-26 00:00:00,000","20,2"
"2018-02-27 00:00:00,000","20,2"
"2018-02-28 00:00:00,000","20,11"
"2018-01-03 00:00:00,000","20,151"
"2018-02-03 00:00:00,000","20,27"
"2018-05-03 00:00:00,000","20,21"
"2018-06-03 00:00:00,000","20,34"
"2018-07-03 00:00:00,000","20,41"
"2018-08-03 00:00:00,000","20,36"
"2018-09-03 00:00:00,000","20,25"
"2018-12-03 00:00:00,000","20,2"
"2018-03-13 00:00:00,000","20,22"
"2018-03-14 00:00:00,000","20,23"
"2018-03-15 00:00:00,000","20,345"
"2018-03-16 00:00:00,000","20,2"
"2018-03-19 00:00:00,000","20,2"
"2018-03-20 00:00:00,000","20,265"
"2018-03-21 00:00:00,000","20,27"
"2018-03-22 00:00:00,000","20,225"
"2018-03-23 00:00:00,000","20,19"
"2018-03-26 00:00:00,000","20,19"
"2018-03-27 00:00:00,000","20,168"
"2018-03-28 00:00:00,000","20,149"
"2018-03-04 00:00:00,000","20,18"
"2018-04-04 00:00:00,000","20,18"
"2018-05-04 00:00:00,000","20,2"
"2018-06-04 00:00:00,000","20,18"
"2018-09-04 00:00:00,000","20,19"
"2018-10-04 00:00:00,000","20,16"
"2018-11-04 00:00:00,000","20,168"
"2018-12-04 00:00:00,000","20,21"
"2018-04-13 00:00:00,000","20,22"
"2018-04-16 00:00:00,000","20,22"
"2018-04-17 00:00:00,000","20,18"
"2018-04-18 00:00:00,000","20,135"
"2018-04-19 00:00:00,000","20,16"
"2018-04-20 00:00:00,000","20,19"
"2018-04-23 00:00:00,000","20,26"
"2018-04-24 00:00:00,000","20,26"
"2018-04-25 00:00:00,000","20,252"
"2018-04-26 00:00:00,000","20,55"
"2018-04-27 00:00:00,000","20,54"
"2018-02-05 00:00:00,000","21,2"
"2018-03-05 00:00:00,000",23
"2018-04-05 00:00:00,000","21,8"
"2018-07-05 00:00:00,000","21,96"
"2018-08-05 00:00:00,000","22,4"
"2018-09-05 00:00:00,000","22,72"
"2018-10-05 00:00:00,000","22,69"
"2018-11-05 00:00:00,000","23,26"
"2018-05-14 00:00:00,000","24,99"
"2018-05-15 00:00:00,000","24,05"
"2018-05-16 00:00:00,000","24,29"
"2018-05-17 00:00:00,000","24,32"
"2018-05-18 00:00:00,000","24,43"
"2018-05-21 00:00:00,000","24,389"
"2018-05-22 00:00:00,000","24,28"
"2018-05-23 00:00:00,000","24,475"
"2018-05-24 00:00:00,000","24,6"
"2018-05-28 00:00:00,000","24,71"
"2018-05-29 00:00:00,000","24,84"
"2018-05-30 00:00:00,000","24,93"
"2018-05-31 00:00:00,000","24,96"
"2018-01-06 00:00:00,000","24,975"
"2018-04-06 00:00:00,000","24,97"
"2018-05-06 00:00:00,000","24,96"
"2018-06-06 00:00:00,000","24,9"
"2018-07-06 00:00:00,000","24,985"
"2018-08-06 00:00:00,000","25,31"
"2018-11-06 00:00:00,000",26
"2018-12-06 00:00:00,000","25,75"
"2018-06-13 00:00:00,000",26
"2018-06-14 00:00:00,000","27,7"
"2018-06-15 00:00:00,000","28,35"
"2018-06-18 00:00:00,000","27,58"
"2018-06-19 00:00:00,000","27,76"
"2018-06-21 00:00:00,000","27,5"
"2018-06-22 00:00:00,000","27,01"
"2018-06-25 00:00:00,000","27,09"
"2018-06-26 00:00:00,000","27,1"
"2018-06-27 00:00:00,000","27,44"
"2018-06-28 00:00:00,000","28,1"
"2018-06-29 00:00:00,000","28,85"
"2018-02-07 00:00:00,000","28,3"
"2018-03-07 00:00:00,000","27,8"
"2018-04-07 00:00:00,000","28,07"
"2018-05-07 00:00:00,000","28,05"
"2018-06-07 00:00:00,000","27,9"
"2018-10-07 00:00:00,000","27,37"
"2018-11-07 00:00:00,000","27,39"
"2018-12-07 00:00:00,000","27,23"
"2018-07-13 00:00:00,000","27,21"
"2018-07-16 00:00:00,000","27,36"
"2018-07-17 00:00:00,000","27,55"
"2018-07-18 00:00:00,000","27,598"
"2018-07-19 00:00:00,000","27,759"
"2018-07-20 00:00:00,000","27,58"
"2018-07-23 00:00:00,000","27,62"
"2018-07-24 00:00:00,000","27,48"
"2018-07-25 00:00:00,000","27,39"
"2018-07-26 00:00:00,000","27,41"
"2018-07-27 00:00:00,000","27,325"
"2018-07-30 00:00:00,000","27,255"
"2018-07-31 00:00:00,000","27,41"
"2018-01-08 00:00:00,000","27,525"
"2018-02-08 00:00:00,000","27,45"
"2018-03-08 00:00:00,000","27,29"
"2018-06-08 00:00:00,000","27,33"
"2018-07-08 00:00:00,000","27,395"
"2018-08-08 00:00:00,000","27,65"
"2018-09-08 00:00:00,000","28,11"
"2018-10-08 00:00:00,000","29,25"
"2018-08-13 00:00:00,000","29,925"
"2018-08-14 00:00:00,000","29,61"
"2018-08-15 00:00:00,000",30
"2018-08-16 00:00:00,000","29,84"
"2018-08-17 00:00:00,000","29,85"
"2018-08-21 00:00:00,000",30
"2018-08-22 00:00:00,000","30,25"
"2018-08-23 00:00:00,000","30,49"
"2018-08-24 00:00:00,000","30,9"
"2018-08-27 00:00:00,000","30,97"
"2018-08-28 00:00:00,000","31,35"
"2018-08-29 00:00:00,000",34
"2018-08-30 00:00:00,000","37,6"
"2018-08-31 00:00:00,000","36,85"
"2018-03-09 00:00:00,000","37,4"
"2018-04-09 00:00:00,000","38,88"
"2018-05-09 00:00:00,000","38,4"
"2018-06-09 00:00:00,000","37,35"
"2018-07-09 00:00:00,000","36,99"
"2018-10-09 00:00:00,000","37,38"
"2018-11-09 00:00:00,000","37,941"
"2018-12-09 00:00:00,000","38,25"
"2018-09-13 00:00:00,000","39,55"
"2018-09-14 00:00:00,000","39,86"
"2018-09-17 00:00:00,000","39,53"
"2018-09-18 00:00:00,000","39,731"
"2018-09-19 00:00:00,000","39,21"
"2018-09-20 00:00:00,000","38,2"
"2018-09-21 00:00:00,000","37,15"
"2018-09-24 00:00:00,000","37,3"
"2018-09-25 00:00:00,000","38,1"
"2018-09-26 00:00:00,000","38,51"
"2018-09-27 00:00:00,000","39,7"
"2018-09-28 00:00:00,000","41,25"
"2018-01-10 00:00:00,000","39,6"
"2018-02-10 00:00:00,000","38,1"
"2018-03-10 00:00:00,000","37,69"
"2018-04-10 00:00:00,000","38,3"
"2018-05-10 00:00:00,000","37,84"
"2018-08-10 00:00:00,000","37,42"
"2018-09-10 00:00:00,000","37,12"
"2018-10-10 00:00:00,000","37,25"
"2018-11-10 00:00:00,000","36,57"
"2018-12-10 00:00:00,000","36,75"
"2018-10-16 00:00:00,000",36
"2018-10-17 00:00:00,000","36,18"
"2018-10-18 00:00:00,000","36,65"
"2018-10-19 00:00:00,000","36,54"
"2018-10-22 00:00:00,000","36,46"
"2018-10-23 00:00:00,000","36,59"
"2018-10-24 00:00:00,000",37
"2018-10-25 00:00:00,000","36,79"
"2018-10-26 00:00:00,000","36,84"
"2018-10-29 00:00:00,000","36,9"
"2018-10-30 00:00:00,000","36,71"
"2018-10-31 00:00:00,000","35,95"
"2018-01-11 00:00:00,000","35,67"
"2018-02-11 00:00:00,000","35,49"
"2018-05-11 00:00:00,000","35,65"
"2018-07-11 00:00:00,000","35,67"
"2018-08-11 00:00:00,000","35,5"
"2018-09-11 00:00:00,000","35,4"
"2018-12-11 00:00:00,000","35,58"
"2018-11-13 00:00:00,000","36,05"
"2018-11-14 00:00:00,000","35,9"
"2018-11-15 00:00:00,000","36,05"
"2018-11-16 00:00:00,000","35,93"
"2018-11-20 00:00:00,000","36,18"
"2018-11-21 00:00:00,000","36,255"
"2018-11-22 00:00:00,000","36,5"
"2018-11-23 00:00:00,000","37,6"
"2018-11-26 00:00:00,000","39,05"
"2018-11-27 00:00:00,000","38,55"
"2018-11-28 00:00:00,000","38,46"
"2018-11-29 00:00:00,000","37,72"
"2018-03-12 00:00:00,000","36,5"
"2018-04-12 00:00:00,000","37,4"
"2018-05-12 00:00:00,000","37,45"
"2018-06-12 00:00:00,000","37,7"
"2018-07-12 00:00:00,000","37,4"
"2018-10-12 00:00:00,000","37,66"
"2018-11-12 00:00:00,000","37,81"
"2018-12-12 00:00:00,000","37,59"
"2018-12-13 00:00:00,000","37,83"
"2018-12-14 00:00:00,000","38,17"
"2018-12-17 00:00:00,000","38,26"
"2018-12-18 00:00:00,000","38,26"
"2018-12-19 00:00:00,000","38,37"
"2018-12-20 00:00:00,000","38,05"
"2018-12-21 00:00:00,000","37,975"
"2018-12-26 00:00:00,000","38,6"
"2018-12-27 00:00:00,000","38,3"
"2018-12-28 00:00:00,000","37,7"
"2018-12-31 00:00:00,000","37,7"
"2019-02-01 00:00:00,000","37,65"
"2019-03-01 00:00:00,000","37,45"
"2019-04-01 00:00:00,000","37,37"
"2019-07-01 00:00:00,000","37,305"
"2019-08-01 00:00:00,000","37,6"
"2019-09-01 00:00:00,000","37,37"
"2019-10-01 00:00:00,000","37,08"
"2019-11-01 00:00:00,000","36,9"
"2019-01-14 00:00:00,000",37
"2019-01-15 00:00:00,000","37,1"
"2019-01-16 00:00:00,000","37,5"
"2019-01-17 00:00:00,000","37,71"
"2019-01-18 00:00:00,000","37,58"
"2019-01-21 00:00:00,000","37,7"
"2019-01-22 00:00:00,000","37,53"
"2019-01-23 00:00:00,000","37,56"
"2019-01-24 00:00:00,000","37,4"
"2019-01-25 00:00:00,000","37,03"
"2019-01-28 00:00:00,000","37,15"
"2019-01-29 00:00:00,000","37,7"
"2019-01-30 00:00:00,000","37,51"
"2019-01-31 00:00:00,000","37,35"
"2019-01-02 00:00:00,000","37,17"
"2019-04-02 00:00:00,000","37,19"
"2019-05-02 00:00:00,000","37,2"
"2019-06-02 00:00:00,000","37,52"
"2019-07-02 00:00:00,000","37,82"
"2019-08-02 00:00:00,000","37,85"
"2019-11-02 00:00:00,000","37,91"
"2019-12-02 00:00:00,000","37,99"
"2019-02-13 00:00:00,000","38,22"
"2019-02-14 00:00:00,000","38,22"
"2019-02-15 00:00:00,000","38,62"
"2019-02-18 00:00:00,000","38,8"
"2019-02-19 00:00:00,000","39,27"
"2019-02-20 00:00:00,000","39,67"
"2019-02-21 00:00:00,000","39,53"
"2019-02-22 00:00:00,000","39,22"
"2019-02-25 00:00:00,000","39,049"
"2019-02-26 00:00:00,000","38,87"
"2019-02-27 00:00:00,000","38,82"
"2019-02-28 00:00:00,000","39,15"
"2019-01-03 00:00:00,000","39,81"
"2019-06-03 00:00:00,000","40,75"
"2019-07-03 00:00:00,000","42,5"
"2019-08-03 00:00:00,000","41,2"
"2019-11-03 00:00:00,000","41,3"
"2019-12-03 00:00:00,000","41,5"
"2019-03-13 00:00:00,000","41,2"
"2019-03-14 00:00:00,000","40,77"
"2019-03-15 00:00:00,000",40
"2019-03-18 00:00:00,000",40
"2019-03-19 00:00:00,000","40,5"
"2019-03-20 00:00:00,000","40,85"
"2019-03-21 00:00:00,000","41,05"
"2019-03-22 00:00:00,000","41,8"
"2019-03-25 00:00:00,000","42,08"
"2019-03-26 00:00:00,000","42,64"
"2019-03-27 00:00:00,000","43,87"
"2019-03-28 00:00:00,000","43,63"
"2019-03-29 00:00:00,000","43,35"
"2019-01-04 00:00:00,000","42,71"
"2019-03-04 00:00:00,000","42,87"
"2019-04-04 00:00:00,000","43,41"
"2019-05-04 00:00:00,000","43,93"
"2019-08-04 00:00:00,000","43,7"
"2019-09-04 00:00:00,000","43,35"
"2019-10-04 00:00:00,000","43,01"
"2019-11-04 00:00:00,000","42,75"
"2019-12-04 00:00:00,000","42,18"
"2019-04-15 00:00:00,000","41,62"
"2019-04-16 00:00:00,000","42,39"
"2019-04-17 00:00:00,000","41,9"
"2019-04-22 00:00:00,000","42,48"
"2019-04-23 00:00:00,000","42,4"
"2019-04-24 00:00:00,000","43,95"
"2019-04-25 00:00:00,000","44,9"
"2019-04-26 00:00:00,000","45,97"
"2019-04-29 00:00:00,000","44,325"
"2019-04-30 00:00:00,000","44,15"
"2019-02-05 00:00:00,000","44,8"
"2019-03-05 00:00:00,000","44,44"
"2019-06-05 00:00:00,000","44,65"
"2019-07-05 00:00:00,000","45,33"
"2019-08-05 00:00:00,000","45,1"
"2019-09-05 00:00:00,000","45,25"
"2019-10-05 00:00:00,000","44,8"
"2019-05-13 00:00:00,000","45,1"
"2019-05-14 00:00:00,000","44,97"
"2019-05-15 00:00:00,000",45
"2019-05-16 00:00:00,000","44,79"
"2019-05-17 00:00:00,000",45
"2019-05-20 00:00:00,000","45,19"
"2019-05-21 00:00:00,000","44,77"
"2019-05-22 00:00:00,000","44,9"
"2019-05-23 00:00:00,000","45,09"
"2019-05-24 00:00:00,000","44,82"
"2019-05-27 00:00:00,000","44,85"
"2019-05-28 00:00:00,000","44,69"
"2019-05-29 00:00:00,000","44,45"
"2019-05-30 00:00:00,000","44,55"
"2019-05-31 00:00:00,000","44,76"
"2019-03-06 00:00:00,000","44,87"
"2019-04-06 00:00:00,000","44,71"
"2019-05-06 00:00:00,000","44,9"
"2019-06-06 00:00:00,000","44,93"
"2019-07-06 00:00:00,000","44,85"
"2019-10-06 00:00:00,000","44,9"
"2019-11-06 00:00:00,000","44,7"
"2019-12-06 00:00:00,000","43,67"
"2019-06-13 00:00:00,000","43,37"
"2019-06-14 00:00:00,000","43,97"
"2019-06-18 00:00:00,000","43,48"
"2019-06-19 00:00:00,000","43,3"
"2019-06-21 00:00:00,000","42,79"
"2019-06-24 00:00:00,000","42,44"
"2019-06-25 00:00:00,000","42,38"
"2019-06-26 00:00:00,000","42,73"
"2019-06-27 00:00:00,000","42,7"
"2019-06-28 00:00:00,000","42,463"
"2019-01-07 00:00:00,000","42,37"
"2019-02-07 00:00:00,000","42,2"
"2019-03-07 00:00:00,000","42,03"
"2019-04-07 00:00:00,000","41,84"
"2019-05-07 00:00:00,000","41,85"
"2019-10-07 00:00:00,000","41,82"
"2019-11-07 00:00:00,000","41,7"
"2019-12-07 00:00:00,000","41,6"
"2019-07-15 00:00:00,000","42,4"
"2019-07-16 00:00:00,000","42,66"
"2019-07-17 00:00:00,000","42,5"
"2019-07-18 00:00:00,000","42,45"
"2019-07-19 00:00:00,000","42,42"
"2019-07-22 00:00:00,000","42,45"
"2019-07-23 00:00:00,000","42,66"
"2019-07-24 00:00:00,000","42,87"
"2019-07-25 00:00:00,000","43,37"
"2019-07-26 00:00:00,000","43,35"
"2019-07-29 00:00:00,000","43,83"
"2019-07-30 00:00:00,000","43,93"
"2019-07-31 00:00:00,000","43,88"
"2019-01-08 00:00:00,000","44,36"
"2019-02-08 00:00:00,000","44,65"
"2019-05-08 00:00:00,000","45,49"
"2019-06-08 00:00:00,000","45,3"
"2019-07-08 00:00:00,000","45,59"
"2019-08-08 00:00:00,000","45,22"
"2019-09-08 00:00:00,000","45,25"
"2019-12-08 00:00:00,000",53
"2019-08-13 00:00:00,000","55,8"
"2019-08-14 00:00:00,000","60,4"
"2019-08-15 00:00:00,000","57,25"
"2019-08-16 00:00:00,000",55
"2019-08-20 00:00:00,000","54,75"
"2019-08-21 00:00:00,000","55,02"
"2019-08-22 00:00:00,000","55,09"
"2019-08-23 00:00:00,000","55,15"
"2019-08-26 00:00:00,000","55,29"
"2019-08-27 00:00:00,000","56,3"
"2019-08-28 00:00:00,000","58,1"
"2019-08-29 00:00:00,000","57,9"
"2019-08-30 00:00:00,000","59,51"
"2019-02-09 00:00:00,000",56
"2019-03-09 00:00:00,000","55,98"
"2019-04-09 00:00:00,000",56
"2019-05-09 00:00:00,000","56,01"
"2019-06-09 00:00:00,000","55,82"
"2019-09-09 00:00:00,000","56,02"
"2019-10-09 00:00:00,000","56,01"
"2019-11-09 00:00:00,000","56,18"
"2019-12-09 00:00:00,000","56,1"
"2019-09-13 00:00:00,000","56,11"
"2019-09-16 00:00:00,000","56,28"
"2019-09-17 00:00:00,000","56,5"
"2019-09-18 00:00:00,000","56,52"
"2019-09-19 00:00:00,000","56,57"
"2019-09-20 00:00:00,000","56,67"
"2019-09-23 00:00:00,000","56,92"
"2019-09-24 00:00:00,000","56,87"
"2019-09-25 00:00:00,000","57,05"
"2019-09-26 00:00:00,000","57,21"
"2019-09-27 00:00:00,000","57,32"
"2019-09-30 00:00:00,000","57,59"
"2019-01-10 00:00:00,000","57,64"
"2019-02-10 00:00:00,000","57,82"
"2019-03-10 00:00:00,000","57,73"
"2019-04-10 00:00:00,000","57,73"
"2019-07-10 00:00:00,000","57,84"
"2019-08-10 00:00:00,000","57,85"
"2019-09-10 00:00:00,000","57,99"
"2019-10-10 00:00:00,000","57,98"
"2019-11-10 00:00:00,000","58,05"
"2019-10-15 00:00:00,000","58,27"
"2019-10-16 00:00:00,000","58,348"
"2019-10-17 00:00:00,000","58,319"
"2019-10-18 00:00:00,000","58,35"
"2019-10-21 00:00:00,000","58,51"
"2019-10-22 00:00:00,000","58,65"
"2019-10-23 00:00:00,000",59
"2019-10-24 00:00:00,000","59,45"
"2019-10-25 00:00:00,000","59,99"
"2019-10-28 00:00:00,000","59,5"
"2019-10-29 00:00:00,000","59,47"
"2019-10-30 00:00:00,000","59,72"
"2019-10-31 00:00:00,000","59,67"
"2019-01-11 00:00:00,000","59,75"
"2019-04-11 00:00:00,000","59,7"
"2019-05-11 00:00:00,000","59,65"
"2019-07-11 00:00:00,000","59,6"
"2019-08-11 00:00:00,000","59,5"
"2019-11-11 00:00:00,000","59,95"
"2019-12-11 00:00:00,000","59,7"
"2019-11-13 00:00:00,000","59,72"
"2019-11-14 00:00:00,000","59,72"
"2019-11-15 00:00:00,000","59,67"
"2019-11-19 00:00:00,000","59,69"
"2019-11-20 00:00:00,000","59,73"
"2019-11-21 00:00:00,000","59,8"
"2019-11-22 00:00:00,000","59,77"
"2019-11-25 00:00:00,000","59,71"
"2019-11-26 00:00:00,000","59,94"
"2019-11-27 00:00:00,000","59,77"
"2019-11-28 00:00:00,000","59,85"
"2019-11-29 00:00:00,000","59,94"
"2019-02-12 00:00:00,000","59,975"
"2019-03-12 00:00:00,000","59,925"
"2019-04-12 00:00:00,000","59,88"
"2019-05-12 00:00:00,000","59,985"
"2019-06-12 00:00:00,000","59,94"
"2019-09-12 00:00:00,000","59,945"
"2019-10-12 00:00:00,000","59,85"
"2019-11-12 00:00:00,000","59,815"
"2019-12-12 00:00:00,000","59,815"
"2019-12-13 00:00:00,000","59,816"
"2019-12-16 00:00:00,000","59,815"
"2019-12-17 00:00:00,000","59,815"
"2019-12-18 00:00:00,000","59,815"
"2019-12-19 00:00:00,000","59,815"
"2019-12-20 00:00:00,000","59,815"
"2019-12-23 00:00:00,000","59,99"
"2019-12-26 00:00:00,000","59,89"
"2019-12-27 00:00:00,000","59,83"
"2019-12-30 00:00:00,000","59,89"
"2019-12-31 00:00:00,000","59,89"
"2020-02-01 00:00:00,000","59,815"
"2020-03-01 00:00:00,000","59,815"
"2020-06-01 00:00:00,000","59,815"
"2020-07-01 00:00:00,000","59,815"
"2020-08-01 00:00:00,000","59,815"
"2020-09-01 00:00:00,000","59,815"
"2020-10-01 00:00:00,000","59,816"
"2020-01-13 00:00:00,000","59,95"
"2020-01-14 00:00:00,000","60,06"
"2020-01-15 00:00:00,000","59,95"
"2020-01-16 00:00:00,000","59,975"
"2020-01-17 00:00:00,000","60,005"
"2020-01-20 00:00:00,000","60,06"
"2020-01-21 00:00:00,000","60,1"
"2020-01-22 00:00:00,000","60,07"
"2020-01-23 00:00:00,000","60,08"
"2020-01-24 00:00:00,000","60,091"
"2020-01-27 00:00:00,000","60,17"
"2020-01-28 00:00:00,000","60,18"
"2020-01-29 00:00:00,000","60,23"
"2020-01-30 00:00:00,000","60,25"
"2020-01-31 00:00:00,000","60,35"
"2020-03-02 00:00:00,000","60,47"
"2020-04-02 00:00:00,000","60,58"
"2020-05-02 00:00:00,000","60,59"
"2020-06-02 00:00:00,000","60,69"
"2020-07-02 00:00:00,000","60,78"
"2020-10-02 00:00:00,000","60,978"
"2020-11-02 00:00:00,000","61,119"
"2020-12-02 00:00:00,000","61,229"
"2020-02-13 00:00:00,000","61,389"
"2020-02-14 00:00:00,000","61,459"
"2020-02-17 00:00:00,000","61,669"
"2020-02-18 00:00:00,000","61,662"
"2020-02-19 00:00:00,000","61,729"
"2020-02-20 00:00:00,000","61,789"
"2020-02-21 00:00:00,000","61,839"
"2020-02-26 00:00:00,000","62,089"
"2020-02-27 00:00:00,000","62,139"
"2020-02-28 00:00:00,000","62,21"
"2020-02-03 00:00:00,000","62,259"
"2020-03-03 00:00:00,000","62,309"
"2020-04-03 00:00:00,000","62,359"
"2020-05-03 00:00:00,000","62,419"
"2020-06-03 00:00:00,000","62,48"
"2020-09-03 00:00:00,000","62,53"
"2020-10-03 00:00:00,000","62,589"
"2020-11-03 00:00:00,000","62,67"
"2020-12-03 00:00:00,000","62,819"
"2020-03-13 00:00:00,000","62,899"
"2020-03-16 00:00:00,000","63,039"
"2020-03-17 00:00:00,000","63,179"
"2020-03-18 00:00:00,000","63,33"
"2020-03-19 00:00:00,000","63,549"
"2020-03-20 00:00:00,000","63,77"
"2020-03-25 00:00:00,000","64,05"
"2020-03-26 00:00:00,000","64,229"
"2020-03-27 00:00:00,000","64,409"
"2020-03-30 00:00:00,000","64,469"
"2020-01-04 00:00:00,000","64,529"
"2020-02-04 00:00:00,000","64,72"
"2020-03-04 00:00:00,000","64,91"
"2020-06-04 00:00:00,000","64,99"
"2020-07-04 00:00:00,000","65,069"
"2020-08-04 00:00:00,000","65,16"
"2020-04-13 00:00:00,000","65,38"
"2020-04-14 00:00:00,000","65,5"
"2020-04-15 00:00:00,000","65,619"
"2020-04-16 00:00:00,000","65,74"
"2020-04-17 00:00:00,000","65,86"
"2020-04-20 00:00:00,000","65,98"
"2020-04-21 00:00:00,000","66,09"
"2020-04-22 00:00:00,000","66,23"
"2020-04-23 00:00:00,000","66,32"
"2020-04-24 00:00:00,000","66,43"
"2020-04-27 00:00:00,000","66,53"
"2020-04-28 00:00:00,000","66,63"
"2020-04-29 00:00:00,000","66,75"
"2020-04-30 00:00:00,000","66,84"
"2020-04-05 00:00:00,000","66,93"
"2020-05-05 00:00:00,000",67
"2020-06-05 00:00:00,000","67,1"
"2020-07-05 00:00:00,000","67,19"
"2020-08-05 00:00:00,000","67,27"
"2020-11-05 00:00:00,000","67,37"
"2020-12-05 00:00:00,000","67,46"
"2020-05-13 00:00:00,000","67,54"
"2020-05-14 00:00:00,000","67,64"
"2020-05-15 00:00:00,000","67,73"
"2020-05-18 00:00:00,000","67,82"
"2020-05-19 00:00:00,000","67,9"
"2020-05-20 00:00:00,000",68
"2020-05-21 00:00:00,000","68,09"
"2020-05-22 00:00:00,000","68,18"
"2020-05-26 00:00:00,000","68,27"
"2020-05-27 00:00:00,000","68,36"
"2020-05-28 00:00:00,000","68,45"
"2020-05-29 00:00:00,000","68,54"
"2020-01-06 00:00:00,000","68,63"
"2020-02-06 00:00:00,000","68,71"
"2020-03-06 00:00:00,000","68,81"
"2020-04-06 00:00:00,000","68,9"
"2020-05-06 00:00:00,000","68,99"
"2020-08-06 00:00:00,000","69,08"
"2020-09-06 00:00:00,000","69,17"
"2020-10-06 00:00:00,000","69,26"
"2020-11-06 00:00:00,000","69,31"
"2020-12-06 00:00:00,000","69,37"
"2020-06-16 00:00:00,000","69,61"
"2020-06-17 00:00:00,000","69,67"
"2020-06-18 00:00:00,000","69,74"
"2020-06-19 00:00:00,000","69,8"
"2020-06-22 00:00:00,000","69,97"
"2020-06-23 00:00:00,000","70,03"
"2020-06-24 00:00:00,000","70,1"
"2020-06-25 00:00:00,000","70,16"
"2020-06-26 00:00:00,000","70,22"
"2020-06-29 00:00:00,000","70,4"
"2020-06-30 00:00:00,000","70,46"
"2020-01-07 00:00:00,000","70,52"
"2020-02-07 00:00:00,000","70,58"
"2020-03-07 00:00:00,000","70,64"
"2020-06-07 00:00:00,000","70,82"
"2020-07-07 00:00:00,000","70,87"
"2020-08-07 00:00:00,000","70,94"
"2020-07-13 00:00:00,000","71,24"
"2020-07-14 00:00:00,000","71,3"
"2020-07-15 00:00:00,000","71,36"
"2020-07-16 00:00:00,000","71,42"
"2020-07-17 00:00:00,000","71,48"
"2020-07-20 00:00:00,000","71,66"
"2020-07-21 00:00:00,000","71,72"
"2020-07-22 00:00:00,000","71,78"
"2020-07-23 00:00:00,000","71,84"
"2020-07-24 00:00:00,000","71,9"
"2020-07-27 00:00:00,000","72,08"
"2020-07-28 00:00:00,000","72,14"
"2020-07-29 00:00:00,000","72,2"
"2020-07-30 00:00:00,000","72,26"
"2020-07-31 00:00:00,000","72,32"
"2020-03-08 00:00:00,000","72,52"
"2020-04-08 00:00:00,000","72,57"
"2020-05-08 00:00:00,000","72,62"
"2020-06-08 00:00:00,000","72,7"
"2020-07-08 00:00:00,000","72,77"
"2020-10-08 00:00:00,000","72,95"
"2020-11-08 00:00:00,000",73
"2020-12-08 00:00:00,000","73,05"
"2020-08-13 00:00:00,000","73,11"
"2020-08-14 00:00:00,000","73,16"
"2020-08-18 00:00:00,000","73,4"
"2020-08-19 00:00:00,000","73,48"
"2020-08-20 00:00:00,000","73,53"
"2020-08-21 00:00:00,000","73,58"
"2020-08-24 00:00:00,000","73,73"
"2020-08-25 00:00:00,000","73,81"
"2020-08-26 00:00:00,000","73,86"
"2020-08-27 00:00:00,000","73,94"
"2020-08-28 00:00:00,000",74
"2020-08-31 00:00:00,000","74,18"
"2020-01-09 00:00:00,000","74,25"
"2020-02-09 00:00:00,000","74,32"
"2020-03-09 00:00:00,000","74,38"
"2020-04-09 00:00:00,000","74,44"
"2020-07-09 00:00:00,000","74,65"
"2020-08-09 00:00:00,000","74,71"
"2020-09-09 00:00:00,000","74,77"
"2020-10-09 00:00:00,000","74,84"
"2020-11-09 00:00:00,000","74,91"
"2020-09-14 00:00:00,000","75,12"
"2020-09-15 00:00:00,000","75,19"
"2020-09-16 00:00:00,000","75,25"
"2020-09-17 00:00:00,000","75,32"
"2020-09-18 00:00:00,000","75,38"
"2020-09-21 00:00:00,000","75,59"
"2020-09-22 00:00:00,000","75,65"
"2020-09-23 00:00:00,000","75,72"
"2020-09-24 00:00:00,000","75,78"
"2020-09-25 00:00:00,000","75,85"
"2020-09-28 00:00:00,000","76,06"
"2020-09-29 00:00:00,000","76,12"
"2020-09-30 00:00:00,000","76,18"
"2020-01-10 00:00:00,000","76,25"
"2020-02-10 00:00:00,000","76,95"
"2020-05-10 00:00:00,000","77,01"
"2020-06-10 00:00:00,000","77,08"
"2020-07-10 00:00:00,000","77,11"
"2020-08-10 00:00:00,000","77,11"
"2020-09-10 00:00:00,000","77,15"
"2020-10-13 00:00:00,000","77,43"
"2020-10-14 00:00:00,000","77,48"
"2020-10-15 00:00:00,000","77,47"
"2020-10-16 00:00:00,000","77,52"
"2020-10-19 00:00:00,000","77,58"
"2020-10-20 00:00:00,000","77,68"
"2020-10-21 00:00:00,000","77,75"
"2020-10-22 00:00:00,000","78,08"
"2020-10-23 00:00:00,000","78,13"
"2020-10-26 00:00:00,000","78,26"
"2020-10-27 00:00:00,000","78,3"
"2020-10-28 00:00:00,000","78,31"
"2020-10-29 00:00:00,000","78,3"
"2020-10-30 00:00:00,000","78,32"
"2020-02-11 00:00:00,000","78,69"
"2020-03-11 00:00:00,000","78,93"
"2020-04-11 00:00:00,000","79,03"
"2020-05-11 00:00:00,000","79,1"
"2020-09-11 00:00:00,000","79,35"
"2020-10-11 00:00:00,000","79,43"
"2020-11-11 00:00:00,000","79,49"
"2020-12-11 00:00:00,000","79,56"
"2020-11-13 00:00:00,000","79,75"
"2020-11-16 00:00:00,000","79,97"
"2020-11-17 00:00:00,000","80,04"
"2020-11-18 00:00:00,000","80,15"
"2020-11-19 00:00:00,000","80,28"
"2020-11-20 00:00:00,000","80,35"
"2020-11-24 00:00:00,000","80,7"
"2020-11-25 00:00:00,000","80,79"
"2020-11-26 00:00:00,000","80,89"
"2020-11-27 00:00:00,000","81,07"
"2020-11-30 00:00:00,000","81,31"
"2020-01-12 00:00:00,000","81,43"
"2020-02-12 00:00:00,000","81,49"
"2020-03-12 00:00:00,000","81,56"
"2020-04-12 00:00:00,000","81,65"
"2020-09-12 00:00:00,000","82,04"
"2020-10-12 00:00:00,000","82,13"
"2020-11-12 00:00:00,000","82,21"
"2020-12-14 00:00:00,000","82,45"
"2020-12-15 00:00:00,000","82,53"
"2020-12-16 00:00:00,000","82,62"
"2020-12-17 00:00:00,000","82,71"
"2020-12-18 00:00:00,000","82,84"
"2020-12-21 00:00:00,000","83,15"
"2020-12-22 00:00:00,000","83,25"
"2020-12-23 00:00:00,000","83,36"
"2020-12-28 00:00:00,000","83,9"
"2020-12-29 00:00:00,000","84,02"
"2020-12-30 00:00:00,000","84,15"
"2020-12-31 00:00:00,000","84,15"
"2021-04-01 00:00:00,000","84,7"
"2021-05-01 00:00:00,000","84,81"
"2021-06-01 00:00:00,000","84,91"
"2021-07-01 00:00:00,000",85
"2021-08-01 00:00:00,000","85,12"
"2021-11-01 00:00:00,000","85,37"
"2021-12-01 00:00:00,000","85,47"
"2021-01-13 00:00:00,000","85,55"
"2021-01-14 00:00:00,000","85,64"
"2021-01-15 00:00:00,000","85,74"
"2021-01-18 00:00:00,000","86,08"
"2021-01-19 00:00:00,000","86,21"
"2021-01-20 00:00:00,000","86,35"
"2021-01-21 00:00:00,000","86,43"
"2021-01-22 00:00:00,000","86,57"
"2021-01-25 00:00:00,000","86,9"
"2021-01-26 00:00:00,000","87,02"
"2021-01-27 00:00:00,000","87,11"
"2021-01-28 00:00:00,000","87,2"
"2021-01-29 00:00:00,000","87,33"
"2021-01-02 00:00:00,000","87,6"
"2021-02-02 00:00:00,000","87,7"
"2021-03-02 00:00:00,000","87,8"
"2021-04-02 00:00:00,000","87,91"
"2021-05-02 00:00:00,000",88
"2021-08-02 00:00:00,000","88,17"
"2021-09-02 00:00:00,000","88,26"
"2021-10-02 00:00:00,000","88,36"
"2021-11-02 00:00:00,000","88,45"
"2021-12-02 00:00:00,000","88,54"
"2021-02-17 00:00:00,000","88,94"
"2021-02-18 00:00:00,000","89,06"
"2021-02-19 00:00:00,000","89,14"
"2021-02-22 00:00:00,000","89,43"
"2021-02-23 00:00:00,000","89,53"
"2021-02-24 00:00:00,000","89,68"
"2021-02-25 00:00:00,000","89,75"
"2021-02-26 00:00:00,000","89,82"
"2021-01-03 00:00:00,000","90,09"
"2021-02-03 00:00:00,000","90,15"
"2021-03-03 00:00:00,000","90,23"
"2021-04-03 00:00:00,000","90,29"
"2021-05-03 00:00:00,000","90,37"
"2021-08-03 00:00:00,000","90,57"
"2021-09-03 00:00:00,000","90,66"
"2021-10-03 00:00:00,000","90,72"
"2021-11-03 00:00:00,000","90,78"
"2021-12-03 00:00:00,000","90,85"
"2021-03-15 00:00:00,000","91,06"
"2021-03-16 00:00:00,000","91,13"
"2021-03-17 00:00:00,000","91,2"
"2021-03-18 00:00:00,000","91,3"
"2021-03-19 00:00:00,000","91,36"
"2021-03-22 00:00:00,000","91,57"
"2021-03-23 00:00:00,000","91,64"
"2021-03-25 00:00:00,000","91,77"
"2021-03-26 00:00:00,000","91,84"
"2021-03-29 00:00:00,000","91,91"
"2021-03-30 00:00:00,000","91,96"
"2021-03-31 00:00:00,000",92
"2021-05-04 00:00:00,000","92,24"
"2021-06-04 00:00:00,000","92,28"
"2021-07-04 00:00:00,000","92,33"
"2021-08-04 00:00:00,000","92,38"
"2021-09-04 00:00:00,000","92,44"
"2021-12-04 00:00:00,000","92,58"
"2021-04-13 00:00:00,000","92,62"
"2021-04-14 00:00:00,000","92,67"
"2021-04-15 00:00:00,000","92,72"
"2021-04-16 00:00:00,000","92,81"
"2021-04-19 00:00:00,000","92,92"
"2021-04-20 00:00:00,000","92,97"
"2021-04-21 00:00:00,000","93,03"
"2021-04-22 00:00:00,000","93,07"
"2021-04-23 00:00:00,000","93,12"
"2021-04-26 00:00:00,000","93,27"
"2021-04-27 00:00:00,000","93,33"
"2021-04-28 00:00:00,000","93,44"
"2021-04-29 00:00:00,000","93,5"
"2021-04-30 00:00:00,000","93,56"
"2021-03-05 00:00:00,000","93,67"
"2021-04-05 00:00:00,000","93,71"
"2021-05-05 00:00:00,000","93,75"
"2021-06-05 00:00:00,000","93,79"
"2021-07-05 00:00:00,000","93,85"
"2021-10-05 00:00:00,000","93,93"
"2021-11-05 00:00:00,000","93,95"
"2021-12-05 00:00:00,000","93,98"
"2021-05-13 00:00:00,000","94,01"
"2021-05-14 00:00:00,000","94,04"
"2021-05-17 00:00:00,000","94,13"
"2021-05-18 00:00:00,000","94,16"
"2021-05-19 00:00:00,000","94,2"
"2021-05-20 00:00:00,000","94,24"
"2021-05-21 00:00:00,000","94,27"
"2021-05-26 00:00:00,000","94,48"
"2021-05-27 00:00:00,000","94,53"
"2021-05-28 00:00:00,000","94,56"
"2021-05-31 00:00:00,000","94,73"
"2021-01-06 00:00:00,000","94,73"
"2021-02-06 00:00:00,000","94,77"
"2021-03-06 00:00:00,000","94,81"
"2021-04-06 00:00:00,000","94,86"
"2021-07-06 00:00:00,000","94,98"
"2021-08-06 00:00:00,000","95,01"
"2021-09-06 00:00:00,000","95,05"
"2021-10-06 00:00:00,000","95,11"
"2021-11-06 00:00:00,000","95,13"
"2021-06-14 00:00:00,000","95,25"
"2021-06-15 00:00:00,000","95,3"
"2021-06-16 00:00:00,000","95,31"
"2021-06-17 00:00:00,000","95,37"
"2021-06-18 00:00:00,000","95,37"
"2021-06-22 00:00:00,000","95,49"
"2021-06-23 00:00:00,000","95,53"
"2021-06-24 00:00:00,000","95,55"
"2021-06-25 00:00:00,000","95,6"
"2021-06-28 00:00:00,000","95,69"
"2021-06-29 00:00:00,000","95,71"
"2021-06-30 00:00:00,000","95,72"
"2021-01-07 00:00:00,000","95,76"
"2021-02-07 00:00:00,000","95,79"
"2021-05-07 00:00:00,000","95,88"
"2021-06-07 00:00:00,000","95,91"
"2021-07-07 00:00:00,000","95,94"
"2021-08-07 00:00:00,000","95,99"
"2021-12-07 00:00:00,000","96,09"
"2021-07-13 00:00:00,000","96,12"
"2021-07-14 00:00:00,000","96,16"
"2021-07-15 00:00:00,000","96,18"
"2021-07-16 00:00:00,000","96,22"
"2021-07-19 00:00:00,000","96,31"
"2021-07-20 00:00:00,000","96,34"
"2021-07-21 00:00:00,000","96,36"
"2021-07-22 00:00:00,000","96,41"
"2021-07-23 00:00:00,000","96,42"
"2021-07-26 00:00:00,000","96,54"
"2021-07-27 00:00:00,000","96,57"
"2021-07-28 00:00:00,000","96,61"
"2021-07-29 00:00:00,000","96,64"
"2021-07-30 00:00:00,000","96,69"
"2021-02-08 00:00:00,000","96,79"
"2021-03-08 00:00:00,000","96,81"
"2021-04-08 00:00:00,000","96,83"
"2021-05-08 00:00:00,000","96,89"
"2021-06-08 00:00:00,000","96,9"
"2021-09-08 00:00:00,000",97
"2021-10-08 00:00:00,000","97,03"
"2021-11-08 00:00:00,000","97,04"
"2021-12-08 00:00:00,000","97,07"
"2021-08-13 00:00:00,000","97,11"
"2021-08-17 00:00:00,000","97,25"
"2021-08-18 00:00:00,000","97,25"
"2021-08-19 00:00:00,000","97,28"
"2021-08-20 00:00:00,000","97,31"
"2021-08-23 00:00:00,000","97,4"
"2021-08-24 00:00:00,000","97,45"
"2021-08-25 00:00:00,000","97,48"
"2021-08-26 00:00:00,000","97,53"
"2021-08-27 00:00:00,000","97,56"
"2021-08-30 00:00:00,000","97,71"
"2021-08-31 00:00:00,000","97,74"
"2021-01-09 00:00:00,000","97,78"
"2021-02-09 00:00:00,000","97,83"
"2021-03-09 00:00:00,000","97,86"
"2021-06-09 00:00:00,000","97,95"
"2021-07-09 00:00:00,000","97,99"
"2021-08-09 00:00:00,000","98,01"
"2021-09-09 00:00:00,000","98,05"
"2021-10-09 00:00:00,000","98,09"
"2021-09-13 00:00:00,000","98,19"
"2021-09-14 00:00:00,000","98,21"
"2021-09-15 00:00:00,000","98,25"
"2021-09-16 00:00:00,000","98,3"
"2021-09-17 00:00:00,000","98,36"
"2021-09-20 00:00:00,000","98,46"
"2021-09-21 00:00:00,000","98,47"
"2021-09-22 00:00:00,000","98,49"
"2021-09-23 00:00:00,000","98,54"
"2021-09-24 00:00:00,000","98,56"
"2021-09-27 00:00:00,000","98,63"
"2021-09-28 00:00:00,000","98,66"
"2021-09-29 00:00:00,000","98,72"
"2021-09-30 00:00:00,000","98,74"
"2021-01-10 00:00:00,000","98,79"
"2021-04-10 00:00:00,000","98,86"
"2021-05-10 00:00:00,000","98,89"
"2021-06-10 00:00:00,000","98,92"
"2021-07-10 00:00:00,000","98,94"
"2021-12-10 00:00:00,000","99,09"
"2021-10-13 00:00:00,000","99,12"
"2021-10-14 00:00:00,000","99,16"
"2021-10-15 00:00:00,000","99,18"
"2021-10-18 00:00:00,000","99,27"
"2021-10-19 00:00:00,000","99,31"
"2021-10-20 00:00:00,000","99,35"
"2021-10-21 00:00:00,000","99,37"
"2021-10-22 00:00:00,000","99,39"
"2021-10-25 00:00:00,000","99,48"
"2021-10-26 00:00:00,000","99,56"
"2021-10-27 00:00:00,000","99,65"
"2021-10-28 00:00:00,000","99,69"
"2021-10-29 00:00:00,000","99,72"
"2021-01-11 00:00:00,000","99,81"
"2021-02-11 00:00:00,000","99,86"
"2021-03-11 00:00:00,000","99,91"
"2021-04-11 00:00:00,000","99,96"
"2021-05-11 00:00:00,000","99,94"
"2021-08-11 00:00:00,000","100,08"
"2021-09-11 00:00:00,000","100,11"
"2021-10-11 00:00:00,000","100,15"
"2021-11-11 00:00:00,000","100,17"
"2021-12-11 00:00:00,000","100,22"
"2021-11-15 00:00:00,000","100,27"
"2021-11-16 00:00:00,000","100,29"
"2021-11-17 00:00:00,000","100,35"
"2021-11-18 00:00:00,000","100,41"
"2021-11-19 00:00:00,000","100,46"
"2021-11-23 00:00:00,000","100,57"
"2021-11-24 00:00:00,000","100,62"
"2021-11-25 00:00:00,000","100,68"
"2021-11-26 00:00:00,000","100,8"
"2021-11-29 00:00:00,000","100,94"
"2021-11-30 00:00:00,000","100,96"
"2021-01-12 00:00:00,000",101
"2021-02-12 00:00:00,000","101,1"
"2021-03-12 00:00:00,000","101,16"
"2021-06-12 00:00:00,000","101,28"
"2021-07-12 00:00:00,000","101,42"
"2021-09-12 00:00:00,000","101,54"
"2021-10-12 00:00:00,000","101,55"
"2021-12-13 00:00:00,000","101,7"
"2021-12-14 00:00:00,000","101,78"
"2021-12-15 00:00:00,000","101,82"
"2021-12-16 00:00:00,000","101,9"
"2021-12-17 00:00:00,000","101,98"
"2021-12-20 00:00:00,000","102,13"
"2021-12-21 00:00:00,000","102,24"
"2021-12-22 00:00:00,000","102,26"
"2021-12-23 00:00:00,000","102,3"
"2021-12-27 00:00:00,000","102,54"
"2021-12-28 00:00:00,000","102,62"
"2021-12-29 00:00:00,000","102,68"
"2021-12-30 00:00:00,000","102,72"
"2021-12-31 00:00:00,000","102,72"
"2022-03-01 00:00:00,000",103
"2022-04-01 00:00:00,000","103,09"
"2022-05-01 00:00:00,000","103,14"
"2022-06-01 00:00:00,000","103,24"
"2022-07-01 00:00:00,000","103,28"
"2022-10-01 00:00:00,000","103,51"
"2022-11-01 00:00:00,000","103,56"
"2022-12-01 00:00:00,000","103,68"
"2022-01-13 00:00:00,000","103,77"
"2022-01-14 00:00:00,000","103,84"
"2022-01-17 00:00:00,000","104,1"
"2022-01-18 00:00:00,000","104,17"
"2022-01-19 00:00:00,000","104,24"
"2022-01-20 00:00:00,000","104,31"
"2022-01-21 00:00:00,000","104,34"
"2022-01-24 00:00:00,000","104,53"
"2022-01-25 00:00:00,000","104,62"
"2022-01-26 00:00:00,000","104,7"
"2022-01-27 00:00:00,000","104,77"
"2022-01-28 00:00:00,000","104,84"
"2022-01-31 00:00:00,000","105,02"
"2022-01-02 00:00:00,000","105,12"
"2022-02-02 00:00:00,000","105,2"
"2022-03-02 00:00:00,000","105,31"
"2022-04-02 00:00:00,000","105,41"
"2022-07-02 00:00:00,000","105,68"
"2022-08-02 00:00:00,000","105,82"
"2022-09-02 00:00:00,000","105,89"
"2022-10-02 00:00:00,000","106,01"
"2022-11-02 00:00:00,000","106,15"
"2022-02-14 00:00:00,000","106,36"
"2022-02-15 00:00:00,000","106,47"
"2022-02-16 00:00:00,000","106,58"
"2022-02-17 00:00:00,000","106,67"
"2022-02-18 00:00:00,000","106,78"
"2022-02-21 00:00:00,000","107,04"
"2022-02-22 00:00:00,000","107,19"
"2022-02-23 00:00:00,000","107,28"
"2022-02-24 00:00:00,000","107,38"
"2022-02-25 00:00:00,000","107,45"
"2022-02-03 00:00:00,000","107,93"
"2022-03-03 00:00:00,000","108,03"
"2022-04-03 00:00:00,000","108,13"
"2022-07-03 00:00:00,000","108,44"
"2022-08-03 00:00:00,000","108,56"
"2022-09-03 00:00:00,000","108,68"
"2022-10-03 00:00:00,000","108,77"
"2022-11-03 00:00:00,000","108,88"
"2022-03-14 00:00:00,000","109,2"
"2022-03-15 00:00:00,000","109,32"
"2022-03-16 00:00:00,000","109,41"
"2022-03-17 00:00:00,000","109,51"
"2022-03-18 00:00:00,000","109,7"
"2022-03-21 00:00:00,000","109,97"
"2022-03-22 00:00:00,000","110,07"
"2022-03-23 00:00:00,000","110,18"
"2022-03-25 00:00:00,000","110,38"
"2022-03-28 00:00:00,000","110,68"
"2022-03-29 00:00:00,000","110,82"
"2022-03-30 00:00:00,000","110,89"
"2022-03-31 00:00:00,000","111,01"
"2022-01-04 00:00:00,000","111,12"
"2022-04-04 00:00:00,000","111,57"
"2022-05-04 00:00:00,000","111,7"
"2022-06-04 00:00:00,000","111,83"
"2022-07-04 00:00:00,000","111,97"
"2022-08-04 00:00:00,000","112,16"
"2022-11-04 00:00:00,000","112,58"
"2022-12-04 00:00:00,000","112,76"
"2022-04-13 00:00:00,000","112,97"
"2022-04-18 00:00:00,000","113,63"
"2022-04-19 00:00:00,000","113,78"
"2022-04-20 00:00:00,000","113,96"
"2022-04-21 00:00:00,000","114,09"
"2022-04-22 00:00:00,000","114,23"
"2022-04-25 00:00:00,000","114,68"
"2022-04-26 00:00:00,000","114,85"
"2022-04-27 00:00:00,000","115,04"
"2022-04-28 00:00:00,000","115,18"
"2022-04-29 00:00:00,000","115,31"
"2022-02-05 00:00:00,000","115,73"
"2022-03-05 00:00:00,000","115,87"
"2022-04-05 00:00:00,000","116,02"
"2022-05-05 00:00:00,000","116,16"
"2022-06-05 00:00:00,000","116,3"
"2022-09-05 00:00:00,000","116,75"
"2022-10-05 00:00:00,000","116,93"
"2022-11-05 00:00:00,000","117,08"
"2022-12-05 00:00:00,000","117,25"
"2022-05-13 00:00:00,000","117,43"
"2022-05-16 00:00:00,000","117,86"
"2022-05-17 00:00:00,000","118,07"
"2022-05-19 00:00:00,000","118,34"
"2022-05-20 00:00:00,000","118,48"
"2022-05-23 00:00:00,000","118,94"
"2022-05-24 00:00:00,000","119,11"
"2022-05-26 00:00:00,000","119,41"
"2022-05-27 00:00:00,000","119,55"
"2022-05-30 00:00:00,000","120,01"
"2022-05-31 00:00:00,000","120,2"
"2022-01-06 00:00:00,000","120,32"
"2022-02-06 00:00:00,000","120,46"
"2022-03-06 00:00:00,000","120,68"
"2022-06-06 00:00:00,000","121,11"
"2022-07-06 00:00:00,000","121,29"
"2022-08-06 00:00:00,000","121,45"
"2022-09-06 00:00:00,000","121,62"
"2022-10-06 00:00:00,000","121,79"
"2022-06-13 00:00:00,000","122,3"
"2022-06-14 00:00:00,000","122,5"
"2022-06-15 00:00:00,000","122,7"
"2022-06-16 00:00:00,000","122,92"
"2022-06-21 00:00:00,000","123,67"
"2022-06-22 00:00:00,000","123,85"
"2022-06-23 00:00:00,000","124,1"
"2022-06-24 00:00:00,000","124,24"
"2022-06-27 00:00:00,000","124,71"
"2022-06-28 00:00:00,000","124,87"
"2022-06-29 00:00:00,000","125,04"
"2022-06-30 00:00:00,000","125,23"
"2022-01-07 00:00:00,000","125,45"
"2022-04-07 00:00:00,000","125,95"
"2022-05-07 00:00:00,000","126,2"
"2022-06-07 00:00:00,000","126,39"
"2022-07-07 00:00:00,000","126,56"
"2022-08-07 00:00:00,000","126,8"
"2022-11-07 00:00:00,000","127,35"
"2022-12-07 00:00:00,000","127,59"
"2022-07-13 00:00:00,000","127,82"
"2022-07-14 00:00:00,000",128
"2022-07-15 00:00:00,000","128,25"
"2022-07-18 00:00:00,000","128,91"
"2022-07-19 00:00:00,000","129,14"
"2022-07-20 00:00:00,000","129,38"
"2022-07-21 00:00:00,000","129,58"
"2022-07-22 00:00:00,000","129,74"
"2022-07-25 00:00:00,000","130,4"
"2022-07-26 00:00:00,000","130,68"
"2022-07-27 00:00:00,000","130,91"
"2022-07-28 00:00:00,000","131,12"
"2022-07-29 00:00:00,000","131,27"
"2022-01-08 00:00:00,000","131,89"
"2022-02-08 00:00:00,000","132,2"
"2022-03-08 00:00:00,000","132,42"
"2022-04-08 00:00:00,000","132,64"
"2022-05-08 00:00:00,000","132,89"
"2022-08-08 00:00:00,000","133,57"
"2022-09-08 00:00:00,000","133,85"
"2022-10-08 00:00:00,000","134,05"
"2022-11-08 00:00:00,000","134,27"
"2022-12-08 00:00:00,000","134,59"
"2022-08-16 00:00:00,000","135,33"
"2022-08-17 00:00:00,000","135,53"
"2022-08-18 00:00:00,000","135,8"
"2022-08-19 00:00:00,000","136,17"
"2022-08-22 00:00:00,000","136,64"
"2022-08-23 00:00:00,000","136,95"
"2022-08-24 00:00:00,000","137,15"
"2022-08-25 00:00:00,000","137,4"
"2022-08-26 00:00:00,000","137,7"
"2022-08-29 00:00:00,000","138,32"
"2022-08-30 00:00:00,000","138,6"
"2022-08-31 00:00:00,000","138,73"
"2022-01-09 00:00:00,000","139,03"
"2022-05-09 00:00:00,000","140,28"
"2022-06-09 00:00:00,000","140,56"
"2022-07-09 00:00:00,000","140,8"
"2022-08-09 00:00:00,000","141,15"
"2022-09-09 00:00:00,000","141,38"
"2022-12-09 00:00:00,000","142,28"
"2022-09-13 00:00:00,000","142,58"
"2022-09-14 00:00:00,000","142,88"
"2022-09-15 00:00:00,000","143,2"
"2022-09-16 00:00:00,000","143,52"
"2022-09-19 00:00:00,000","144,37"
"2022-09-20 00:00:00,000","144,64"
"2022-09-21 00:00:00,000","144,89"
"2022-09-22 00:00:00,000","145,16"
"2022-09-23 00:00:00,000","145,44"
"2022-09-26 00:00:00,000","146,26"
"2022-09-27 00:00:00,000","146,57"
"2022-09-28 00:00:00,000","146,86"
"2022-09-29 00:00:00,000","147,07"
"2022-09-30 00:00:00,000","147,32"
"2022-03-10 00:00:00,000","148,23"
"2022-04-10 00:00:00,000","148,59"
"2022-05-10 00:00:00,000","148,88"
"2022-06-10 00:00:00,000","149,2"
"2022-11-10 00:00:00,000","150,69"
"2022-12-10 00:00:00,000","151,04"
"2022-10-13 00:00:00,000","151,3"
"2022-10-14 00:00:00,000","151,64"
"2022-10-17 00:00:00,000","152,5"
"2022-10-18 00:00:00,000","152,82"
"2022-10-19 00:00:00,000","153,18"
"2022-10-20 00:00:00,000","153,51"
"2022-10-21 00:00:00,000","153,79"
"2022-10-24 00:00:00,000","154,74"
"2022-10-25 00:00:00,000","155,08"
"2022-10-26 00:00:00,000","155,39"
"2022-10-27 00:00:00,000","155,69"
"2022-10-28 00:00:00,000","156,02"
"2022-10-31 00:00:00,000","156,91"
"2022-01-11 00:00:00,000","157,28"
"2022-02-11 00:00:00,000","157,6"
"2022-03-11 00:00:00,000","157,92"
"2022-04-11 00:00:00,000","158,28"
"2022-07-11 00:00:00,000","159,37"
"2022-08-11 00:00:00,000","159,71"
"2022-09-11 00:00:00,000","160,02"
"2022-10-11 00:00:00,000","160,39"
"2022-11-11 00:00:00,000","160,7"
"2022-11-14 00:00:00,000","161,78"
"2022-11-15 00:00:00,000","162,12"
"2022-11-16 00:00:00,000","162,47"
"2022-11-17 00:00:00,000","162,78"
"2022-11-18 00:00:00,000","163,18"
"2022-11-22 00:00:00,000","164,51"
"2022-11-23 00:00:00,000","164,84"
"2022-11-24 00:00:00,000","165,21"
"2022-11-25 00:00:00,000","165,59"
"2022-11-28 00:00:00,000","166,6"
"2022-11-29 00:00:00,000","166,96"
"2022-11-30 00:00:00,000","167,28"
"2022-01-12 00:00:00,000","167,72"
"2022-02-12 00:00:00,000","168,09"
"2022-05-12 00:00:00,000","169,16"
"2022-06-12 00:00:00,000","169,49"
"2022-07-12 00:00:00,000","169,9"
"2022-12-12 00:00:00,000","171,37"
"2022-12-13 00:00:00,000","171,81"
"2022-12-14 00:00:00,000","172,05"
"2022-12-15 00:00:00,000","172,39"
"2022-12-16 00:00:00,000","172,7"
"2022-12-19 00:00:00,000","173,6"
"2022-12-20 00:00:00,000","173,93"
"2022-12-21 00:00:00,000","174,28"
"2022-12-22 00:00:00,000","174,53"
"2022-12-23 00:00:00,000","174,84"
"2022-12-26 00:00:00,000","175,73"
"2022-12-27 00:00:00,000","176,05"
"2022-12-28 00:00:00,000","176,4"
"2022-12-29 00:00:00,000","176,78"
"2022-12-30 00:00:00,000","177,16"
"2023-02-01 00:00:00,000","178,15"
"2023-03-01 00:00:00,000","178,36"
"2023-04-01 00:00:00,000","178,66"
"2023-05-01 00:00:00,000","178,94"
"2023-06-01 00:00:00,000","179,25"
"2023-09-01 00:00:00,000","180,09"
"2023-10-01 00:00:00,000","180,38"
"2023-11-01 00:00:00,000","180,67"
"2023-12-01 00:00:00,000","180,97"
"2023-01-13 00:00:00,000","181,27"
"2023-01-16 00:00:00,000","182,2"
"2023-01-17 00:00:00,000","182,49"
"2023-01-18 00:00:00,000","182,81"
"2023-01-19 00:00:00,000","183,11"
"2023-01-20 00:00:00,000","183,45"
"2023-01-23 00:00:00,000","184,37"
"2023-01-24 00:00:00,000","184,69"
"2023-01-25 00:00:00,000","185,03"
"2023-01-26 00:00:00,000","185,32"
"2023-01-27 00:00:00,000","185,61"
"2023-01-30 00:00:00,000","186,56"
"2023-01-31 00:00:00,000",187
"2023-01-02 00:00:00,000","187,29"
"2023-02-02 00:00:00,000","187,57"
"2023-03-02 00:00:00,000","188,02"
"2023-06-02 00:00:00,000","189,11"
"2023-07-02 00:00:00,000","189,52"
"2023-08-02 00:00:00,000","189,85"
"2023-09-02 00:00:00,000","190,21"
"2023-10-02 00:00:00,000","190,51"
"2023-02-13 00:00:00,000","191,65"
"2023-02-14 00:00:00,000","191,99"
"2023-02-15 00:00:00,000","192,38"
"2023-02-16 00:00:00,000","192,83"
"2023-02-17 00:00:00,000","193,19"
"2023-02-22 00:00:00,000","194,95"
"2023-02-23 00:00:00,000","195,31"
"2023-02-24 00:00:00,000","195,68"
"2023-02-27 00:00:00,000","196,81"
"2023-02-28 00:00:00,000","197,15"
"2023-01-03 00:00:00,000","197,57"
"2023-02-03 00:00:00,000","197,87"
"2023-03-03 00:00:00,000","198,28"
"2023-06-03 00:00:00,000","199,34"
"2023-07-03 00:00:00,000","199,68"
"2023-08-03 00:00:00,000","199,95"
"2023-09-03 00:00:00,000","200,36"
"2023-10-03 00:00:00,000","200,73"
"2023-03-13 00:00:00,000","201,86"
"2023-03-14 00:00:00,000","202,07"
"2023-03-15 00:00:00,000","202,56"
"2023-03-16 00:00:00,000","202,94"
"2023-03-17 00:00:00,000","203,34"
"2023-03-20 00:00:00,000","204,53"
"2023-03-21 00:00:00,000","205,02"
"2023-03-22 00:00:00,000","205,38"
"2023-03-23 00:00:00,000","205,78"
"2023-03-27 00:00:00,000","207,42"
"2023-03-28 00:00:00,000","207,84"
"2023-03-29 00:00:00,000","208,3"
"2023-03-30 00:00:00,000","208,59"
"2023-03-31 00:00:00,000","209,01"
"2023-03-04 00:00:00,000","210,37"
"2023-04-04 00:00:00,000","210,78"
"2023-05-04 00:00:00,000","211,22"
"2023-10-04 00:00:00,000","213,39"
"2023-11-04 00:00:00,000","213,76"
"2023-12-04 00:00:00,000","214,24"
"2023-04-13 00:00:00,000","214,68"
"2023-04-14 00:00:00,000","215,1"
"2023-04-17 00:00:00,000","216,38"
"2023-04-18 00:00:00,000","216,94"
"2023-04-19 00:00:00,000","217,48"
"2023-04-20 00:00:00,000","217,99"
"2023-04-21 00:00:00,000","218,53"
"2023-04-24 00:00:00,000","220,21"
"2023-04-25 00:00:00,000","220,87"
"2023-04-26 00:00:00,000","221,57"
"2023-04-27 00:00:00,000",222
"2023-04-28 00:00:00,000","222,68"
"2023-02-05 00:00:00,000","224,65"
"2023-03-05 00:00:00,000","225,2"
"2023-04-05 00:00:00,000","225,7"
"2023-05-05 00:00:00,000","226,25"
"2023-08-05 00:00:00,000","227,65"
"2023-09-05 00:00:00,000","228,05"
"2023-10-05 00:00:00,000","228,5"
"2023-11-05 00:00:00,000",229
"2023-12-05 00:00:00,000","229,2"
"2023-05-15 00:00:00,000","230,7"
"2023-05-16 00:00:00,000","231,1"
"2023-05-17 00:00:00,000","231,65"
"2023-05-18 00:00:00,000","232,1"
"2023-05-19 00:00:00,000","232,75"
"2023-05-22 00:00:00,000","234,35"
"2023-05-23 00:00:00,000","234,95"
"2023-05-24 00:00:00,000","235,75"
"2023-05-29 00:00:00,000","238,25"
"2023-05-30 00:00:00,000","238,85"
"2023-05-31 00:00:00,000","239,5"
"2023-01-06 00:00:00,000","240,25"
"2023-02-06 00:00:00,000","240,85"
"2023-05-06 00:00:00,000","242,5"
"2023-06-06 00:00:00,000","243,25"
"2023-07-06 00:00:00,000","243,5"
"2023-08-06 00:00:00,000","244,45"
"2023-09-06 00:00:00,000","244,95"
"2023-12-06 00:00:00,000","246,8"
"2023-06-13 00:00:00,000","247,1"
"2023-06-14 00:00:00,000",248
"2023-06-15 00:00:00,000","248,35"
"2023-06-16 00:00:00,000","249,45"
"2023-06-21 00:00:00,000","251,85"
"2023-06-22 00:00:00,000","252,6"
"2023-06-23 00:00:00,000",253
"2023-06-26 00:00:00,000","254,6"
"2023-06-27 00:00:00,000","255,25"
"2023-06-28 00:00:00,000","255,85"
"2023-06-29 00:00:00,000","256,2"
"2023-06-30 00:00:00,000","256,7"
"2023-03-07 00:00:00,000","257,9"
"2023-04-07 00:00:00,000","259,35"
"2023-05-07 00:00:00,000","259,5"
"2023-06-07 00:00:00,000","260,4"
"2023-07-07 00:00:00,000",261
"2023-10-07 00:00:00,000","262,5"
"2023-11-07 00:00:00,000","263,2"
"2023-12-07 00:00:00,000","264,05"
"2023-07-13 00:00:00,000","264,35"
"2023-07-14 00:00:00,000","265,05"
"2023-07-17 00:00:00,000","266,75"
"2023-07-18 00:00:00,000","267,65"
"2023-07-19 00:00:00,000","267,95"
"2023-07-20 00:00:00,000","268,7"
"2023-07-21 00:00:00,000","269,45"
"2023-07-24 00:00:00,000",271
"2023-07-25 00:00:00,000","271,6"
"2023-07-26 00:00:00,000","272,5"
"2023-07-27 00:00:00,000","273,1"
"2023-07-28 00:00:00,000","273,7"
"2023-07-31 00:00:00,000","275,25"
"2023-01-08 00:00:00,000","276,15"
"2023-02-08 00:00:00,000","277,4"
"2023-03-08 00:00:00,000","278,1"
"2023-04-08 00:00:00,000","279,35"
"2023-07-08 00:00:00,000","283,2"
"2023-08-08 00:00:00,000","284,2"
"2023-09-08 00:00:00,000","285,15"
"2023-10-08 00:00:00,000","286,2"
"2023-11-08 00:00:00,000","287,35"
"2023-08-14 00:00:00,000","349,95"
"2023-08-15 00:00:00,000",350
"2023-08-16 00:00:00,000","349,95"
"2023-08-17 00:00:00,000","349,95"
"2023-08-18 00:00:00,000","349,95"
"2023-08-22 00:00:00,000","349,95"
"2023-08-23 00:00:00,000","349,95"
"2023-08-24 00:00:00,000",350
"2023-08-25 00:00:00,000","350,1"
"2023-08-28 00:00:00,000","349,95"
"2023-08-29 00:00:00,000",350
"2023-08-30 00:00:00,000",350
"2023-08-31 00:00:00,000",350
"2023-01-09 00:00:00,000","350,1"
"2023-04-09 00:00:00,000",350
"2023-05-09 00:00:00,000",350
"2023-06-09 00:00:00,000",350
"2023-07-09 00:00:00,000","349,95"
"2023-08-09 00:00:00,000","349,95"
"2023-11-09 00:00:00,000","349,95"
"2023-12-09 00:00:00,000","349,95"
"2023-09-13 00:00:00,000","350,05"
"2023-09-14 00:00:00,000",350
"2023-09-15 00:00:00,000",350
"2023-09-18 00:00:00,000",350
"2023-09-19 00:00:00,000","349,95"
"2023-09-20 00:00:00,000","350,1"
"2023-09-21 00:00:00,000",350
"2023-09-22 00:00:00,000","350,05"
"2023-09-25 00:00:00,000","350,05"
"2023-09-26 00:00:00,000",350
"2023-09-27 00:00:00,000",350
"2023-09-28 00:00:00,000","350,05"
"2023-09-29 00:00:00,000","349,95"
"2023-02-10 00:00:00,000","350,05"
"2023-03-10 00:00:00,000","350,05"
"2023-04-10 00:00:00,000",350
"2023-05-10 00:00:00,000",350
"2023-06-10 00:00:00,000","350,1"
"2023-09-10 00:00:00,000","350,1"
"2023-10-10 00:00:00,000","350,1"
"2023-11-10 00:00:00,000","350,1"
"2023-12-10 00:00:00,000","349,95"
"2023-10-17 00:00:00,000","350,1"
"2023-10-18 00:00:00,000","350,1"
"2023-10-19 00:00:00,000","349,95"
"2023-10-20 00:00:00,000","349,95"
"2023-10-23 00:00:00,000","349,95"
"2023-10-24 00:00:00,000","349,95"
"2023-10-25 00:00:00,000","350,1"
"2023-10-26 00:00:00,000","349,95"
"2023-10-27 00:00:00,000","349,95"
"2023-10-30 00:00:00,000","349,95"
"2023-10-31 00:00:00,000",350
"2023-01-11 00:00:00,000","349,95"
"2023-02-11 00:00:00,000","350,1"
"2023-03-11 00:00:00,000","350,1"
"2023-07-11 00:00:00,000",350
"2023-08-11 00:00:00,000","349,95"
"2023-09-11 00:00:00,000","349,95"
"2023-10-11 00:00:00,000","349,95"
"2023-11-13 00:00:00,000","349,95"
"2023-11-14 00:00:00,000","350,1"
"2023-11-15 00:00:00,000","352,95"
"2023-11-16 00:00:00,000","353,45"
"2023-11-17 00:00:00,000","353,95"
"2023-11-21 00:00:00,000","355,95"
"2023-11-22 00:00:00,000","356,45"
"2023-11-23 00:00:00,000","356,95"
"2023-11-24 00:00:00,000","357,6"
"2023-11-27 00:00:00,000",359
"2023-11-28 00:00:00,000","359,5"
"2023-11-29 00:00:00,000",360
"2023-11-30 00:00:00,000","360,5"
"2023-01-12 00:00:00,000","361,1"
"2023-04-12 00:00:00,000","362,45"
"2023-05-12 00:00:00,000","363,1"
"2023-06-12 00:00:00,000","363,7"
"2023-07-12 00:00:00,000",385
"2023-11-12 00:00:00,000","365,95"
"2023-12-12 00:00:00,000","366,45"
"2023-12-13 00:00:00,000","799,95"
"2023-12-14 00:00:00,000","800,5"
"2023-12-15 00:00:00,000","801,1"
"2023-12-18 00:00:00,000","802,6"
"2023-12-19 00:00:00,000","803,15"
"2023-12-20 00:00:00,000","803,7"
"2023-12-21 00:00:00,000","804,2"
"2023-12-22 00:00:00,000","804,75"
"2023-12-26 00:00:00,000","806,85"
"2023-12-27 00:00:00,000","807,4"
"2023-12-28 00:00:00,000","807,95"
"2023-12-29 00:00:00,000","808,45"
"2024-02-01 00:00:00,000","810,7"
"2024-03-01 00:00:00,000","811,1"
"2024-04-01 00:00:00,000","811,7"
"2024-05-01 00:00:00,000","812,2"
"2024-08-01 00:00:00,000","813,8"
"2024-09-01 00:00:00,000","814,4"
"2024-10-01 00:00:00,000","814,9"
"2024-11-01 00:00:00,000","815,4"
"2024-12-01 00:00:00,000",816
"2024-01-15 00:00:00,000","817,6"
"2024-01-16 00:00:00,000","818,1"
"2024-01-17 00:00:00,000","818,6"
"2024-01-18 00:00:00,000","819,2"
"2024-01-19 00:00:00,000","819,7"
"2024-01-22 00:00:00,000","821,4"
"2024-01-23 00:00:00,000","821,9"
"2024-01-24 00:00:00,000","822,4"
"2024-01-25 00:00:00,000",823
"2024-01-26 00:00:00,000","823,5"
"2024-01-29 00:00:00,000","825,2"
"2024-01-30 00:00:00,000","825,7"
"2024-01-31 00:00:00,000","826,4"
"2024-01-02 00:00:00,000","826,9"
"2024-02-02 00:00:00,000","827,3"
"2024-05-02 00:00:00,000",829
"2024-06-02 00:00:00,000","829,5"
"2024-07-02 00:00:00,000","830,2"
"2024-08-02 00:00:00,000","830,6"
"2024-09-02 00:00:00,000","831,3"
"2024-02-14 00:00:00,000","833,9"
"2024-02-15 00:00:00,000","834,5"
"2024-02-16 00:00:00,000",835
"2024-02-19 00:00:00,000","836,7"
"2024-02-20 00:00:00,000","837,2"
"2024-02-21 00:00:00,000","837,9"
"2024-02-22 00:00:00,000","838,3"
"2024-02-23 00:00:00,000","838,9"
"2024-02-26 00:00:00,000","840,6"
"2024-02-27 00:00:00,000","841,1"
"2024-02-28 00:00:00,000","841,7"
"2024-02-29 00:00:00,000","842,2"
"2024-01-03 00:00:00,000","842,5"
"2024-04-03 00:00:00,000",844
"2024-05-03 00:00:00,000",845
"2024-06-03 00:00:00,000","845,5"
"2024-07-03 00:00:00,000",846
"2024-08-03 00:00:00,000","846,5"
"2024-11-03 00:00:00,000",848
"2024-12-03 00:00:00,000","848,5"
"2024-03-13 00:00:00,000","849,5"
"2024-03-14 00:00:00,000",850
"2024-03-15 00:00:00,000","850,5"
"2024-03-18 00:00:00,000","852,5"
"2024-03-19 00:00:00,000",853
"2024-03-20 00:00:00,000",853
"2024-03-21 00:00:00,000",854
"2024-03-22 00:00:00,000","854,5"
"2024-03-25 00:00:00,000",856
"2024-03-26 00:00:00,000","856,5"
"2024-03-27 00:00:00,000",858
"2024-03-04 00:00:00,000",861
"2024-04-04 00:00:00,000","861,5"
"2024-05-04 00:00:00,000","862,5"
"2024-08-04 00:00:00,000",864
"2024-09-04 00:00:00,000","864,5"
"2024-10-04 00:00:00,000",865
"2024-11-04 00:00:00,000","865,5"
"2024-12-04 00:00:00,000","866,5"
"2024-04-15 00:00:00,000",868
"2024-04-16 00:00:00,000","868,5"
"2024-04-17 00:00:00,000","869,5"
"2024-04-18 00:00:00,000",870
"2024-04-19 00:00:00,000","871,5"
"2024-04-22 00:00:00,000",872
"2024-04-23 00:00:00,000","872,5"
"2024-04-24 00:00:00,000",873
"2024-04-25 00:00:00,000",874
"2024-04-26 00:00:00,000",875
"2024-04-29 00:00:00,000","876,5"
"2024-04-30 00:00:00,000","876,5"
"2024-02-05 00:00:00,000",878
"2024-03-05 00:00:00,000","878,5"
"2024-06-05 00:00:00,000",880
"2024-07-05 00:00:00,000","880,5"
"2024-08-05 00:00:00,000","881,5"
"2024-09-05 00:00:00,000",882
"2024-10-05 00:00:00,000","882,5"
"2024-05-13 00:00:00,000",884
"2024-05-14 00:00:00,000",885
"2024-05-15 00:00:00,000","885,5"
"2024-05-16 00:00:00,000",886
"2024-05-17 00:00:00,000","886,5"
"2024-05-20 00:00:00,000","888,5"
"2024-05-21 00:00:00,000",889
"2024-05-22 00:00:00,000","889,5"
"2024-05-23 00:00:00,000",890
"2024-05-24 00:00:00,000","890,5"
"2024-05-27 00:00:00,000","893,5"
"2024-05-28 00:00:00,000","893,5"
"2024-05-29 00:00:00,000","893,5"
"2024-05-30 00:00:00,000",894
"2024-05-31 00:00:00,000","895,5"
"2024-03-06 00:00:00,000",897
"2024-04-06 00:00:00,000",897
"2024-05-06 00:00:00,000","898,5"
"2024-06-06 00:00:00,000",898
"2024-07-06 00:00:00,000",899
"2024-10-06 00:00:00,000",902
"2024-11-06 00:00:00,000",902
"2024-12-06 00:00:00,000","901,5"
"2024-06-13 00:00:00,000",902
"2024-06-14 00:00:00,000","903,5"
"2024-06-18 00:00:00,000",905
"2024-06-19 00:00:00,000","907,5"
"2024-06-24 00:00:00,000","908,5"
"2024-06-25 00:00:00,000",909
"2024-06-26 00:00:00,000",911
"2024-06-27 00:00:00,000","911,5"
"2024-06-28 00:00:00,000",912
"2024-01-07 00:00:00,000",914
"2024-02-07 00:00:00,000","914,5"
"2024-03-07 00:00:00,000",915
"2024-04-07 00:00:00,000",916
"2024-05-07 00:00:00,000",918
"2024-08-07 00:00:00,000","918,5"
"2024-10-07 00:00:00,000","919,5"
"2024-11-07 00:00:00,000",920
"2024-12-07 00:00:00,000","921,5"
"2024-07-15 00:00:00,000",923
"2024-07-16 00:00:00,000","923,5"
"2024-07-17 00:00:00,000",924
"2024-07-18 00:00:00,000","925,5"
"2024-07-19 00:00:00,000","927,5"
"2024-07-22 00:00:00,000","926,5"
"2024-07-23 00:00:00,000",927
"2024-07-24 00:00:00,000",928
"2024-07-25 00:00:00,000",930
"2024-07-26 00:00:00,000","931,5"
"2024-07-29 00:00:00,000",932
"2024-07-30 00:00:00,000","932,5"
"2024-07-31 00:00:00,000",932
"2024-01-08 00:00:00,000",933
"2024-02-08 00:00:00,000",935
"2024-05-08 00:00:00,000","935,5"
"2024-06-08 00:00:00,000","936,5"
"2024-07-08 00:00:00,000","936,5"
"2024-08-08 00:00:00,000",937
"2024-09-08 00:00:00,000",939
"2024-12-08 00:00:00,000","939,5"
"2024-08-13 00:00:00,000","940,5"
"2024-08-14 00:00:00,000",941
"2024-08-15 00:00:00,000","941,5"
"2024-08-16 00:00:00,000",944
"2024-08-19 00:00:00,000",944
"2024-08-20 00:00:00,000","944,5"
"2024-08-21 00:00:00,000",945
"2024-08-22 00:00:00,000",946
"2024-08-23 00:00:00,000","948,5"
"2024-08-26 00:00:00,000","950,5"
"2024-08-27 00:00:00,000",950
"2024-08-28 00:00:00,000","949,5"
"2024-08-29 00:00:00,000",951
"2024-08-30 00:00:00,000","953,5"
"2024-02-09 00:00:00,000",953
"2024-03-09 00:00:00,000","953,5"
"2024-04-09 00:00:00,000","954,5"
"2024-05-09 00:00:00,000","954,5"
"2024-06-09 00:00:00,000",958
"2024-09-09 00:00:00,000","958,5"
"2024-10-09 00:00:00,000",958
"2024-11-09 00:00:00,000","958,5"
"2024-12-09 00:00:00,000","960,5"
"2024-09-13 00:00:00,000",962
"2024-09-16 00:00:00,000",962
"2024-09-17 00:00:00,000",962
"2024-09-18 00:00:00,000","963,5"
"2024-09-19 00:00:00,000","963,5"
"2024-09-20 00:00:00,000","965,5"
"2024-09-23 00:00:00,000",966
"2024-09-24 00:00:00,000","966,5"
"2024-09-25 00:00:00,000",969
"2024-09-26 00:00:00,000","968,5"
"2024-09-27 00:00:00,000",970
"2024-09-30 00:00:00,000","970,5"
"2024-01-10 00:00:00,000",971
"2024-02-10 00:00:00,000","971,5"
"2024-03-10 00:00:00,000",973
"2024-04-10 00:00:00,000","974,5"
"2024-07-10 00:00:00,000","975,5"
"2024-08-10 00:00:00,000","975,5"
"2024-09-10 00:00:00,000",976
"2024-10-10 00:00:00,000",979
"2024-10-14 00:00:00,000",980
"2024-10-15 00:00:00,000","980,5"
"2024-10-16 00:00:00,000",981
"2024-10-17 00:00:00,000","981,5"
"2024-10-18 00:00:00,000","984,5"
"2024-10-21 00:00:00,000",984
"2024-10-22 00:00:00,000","984,5"
"2024-10-23 00:00:00,000","985,5"
"2024-10-24 00:00:00,000",986
"2024-10-25 00:00:00,000",988
"2024-10-28 00:00:00,000","988,5"
"2024-10-29 00:00:00,000",989
"2024-10-30 00:00:00,000",990
"2024-10-31 00:00:00,000",992
"2024-01-11 00:00:00,000",993
"2024-04-11 00:00:00,000",993
"2024-05-11 00:00:00,000","994,5"
"2024-07-11 00:00:00,000",995
"2024-08-11 00:00:00,000",997
"2024-11-11 00:00:00,000",998
"2024-12-11 00:00:00,000","998,5"
"2024-11-13 00:00:00,000",999
"2024-11-14 00:00:00,000","999,5"
"2024-11-15 00:00:00,000","1002,5"
"2024-11-19 00:00:00,000",1003
"2024-11-20 00:00:00,000","1003,5"
"2024-11-21 00:00:00,000",1005
"2024-11-22 00:00:00,000",1007
"2024-11-25 00:00:00,000",1007
"2024-11-26 00:00:00,000",1008
"2024-11-27 00:00:00,000","1008,5"
"2024-11-28 00:00:00,000",1009
"2024-11-29 00:00:00,000","1011,5"
"2024-02-12 00:00:00,000","1012,5"
"2024-03-12 00:00:00,000","1012,5"
"2024-04-12 00:00:00,000",1013
"2024-05-12 00:00:00,000","1013,5"
"2024-06-12 00:00:00,000","1015,5"
"2024-09-12 00:00:00,000","1016,5"
"2024-10-12 00:00:00,000",1017
"2024-11-12 00:00:00,000","1017,5"
"2024-12-12 00:00:00,000",1019
"2024-12-13 00:00:00,000","1020,5"
"2024-12-16 00:00:00,000","1022,5"
"2024-12-17 00:00:00,000","1021,5"
"2024-12-18 00:00:00,000","1022,5"
"2024-12-19 00:00:00,000",1023
"2024-12-20 00:00:00,000",1025
"2024-12-23 00:00:00,000","1028,5"
"2024-12-26 00:00:00,000","1029,5"
"2024-12-27 00:00:00,000","1031,5"
"2024-12-30 00:00:00,000",1032
"2024-12-31 00:00:00,000",1032
"2025-02-01 00:00:00,000","1032,5"
"2025-03-01 00:00:00,000","1035,5"
"2025-06-01 00:00:00,000","1035,5"
"2025-07-01 00:00:00,000",1036
"2025-08-01 00:00:00,000","1036,5"
"2025-09-01 00:00:00,000","1037,5"
"2025-10-01 00:00:00,000","1039,5"
"2025-01-13 00:00:00,000",1040
"2025-01-14 00:00:00,000",1041
"2025-01-15 00:00:00,000",1042
"2025-01-16 00:00:00,000",1042
"2025-01-17 00:00:00,000",1044
"2025-01-20 00:00:00,000","1046,5"
"2025-01-21 00:00:00,000",1047
"2025-01-22 00:00:00,000",1048
"2025-01-23 00:00:00,000","1048,5"
"2025-01-24 00:00:00,000",1049
"2025-01-27 00:00:00,000","1050,5"
"2025-01-28 00:00:00,000",1051
"2025-01-29 00:00:00,000","1051,5"
"2025-01-30 00:00:00,000",1052
"2025-01-31 00:00:00,000","1053,5"
"2025-03-02 00:00:00,000","1054,25"
"2025-04-02 00:00:00,000","1054,25"
"2025-05-02 00:00:00,000","1054,5"
"2025-06-02 00:00:00,000","1054,75"
"2025-07-02 00:00:00,000","1055,75"
"2025-10-02 00:00:00,000","1056,5"
"2025-11-02 00:00:00,000","1056,5"
"2025-12-02 00:00:00,000","1056,75"
"2025-02-13 00:00:00,000","1057,75"
"2025-02-14 00:00:00,000","1058,25"
"2025-02-17 00:00:00,000","1059,25"
"2025-02-18 00:00:00,000",1059
"2025-02-19 00:00:00,000","1059,25"
"2025-02-20 00:00:00,000","1059,75"
"2025-02-21 00:00:00,000","1060,75"
"2025-02-24 00:00:00,000",1061
"2025-02-25 00:00:00,000","1061,5"
"2025-02-26 00:00:00,000","1061,75"
"2025-02-27 00:00:00,000","1062,25"
"2025-02-28 00:00:00,000","1064,75"
"2025-05-03 00:00:00,000","1064,25"
"2025-06-03 00:00:00,000","1064,5"
"2025-07-03 00:00:00,000","1066,5"
"2025-10-03 00:00:00,000",1066
"2025-11-03 00:00:00,000","1066,5"
"2025-12-03 00:00:00,000","1066,75"
"2025-03-13 00:00:00,000",1067
"2025-03-14 00:00:00,000","1068,5"
"2025-03-17 00:00:00,000","1068,5"
"2025-03-18 00:00:00,000",1069
"2025-03-19 00:00:00,000","1069,75"
"2025-03-20 00:00:00,000","1069,5"
"2025-03-21 00:00:00,000","1071,5"
"2025-03-25 00:00:00,000","1071,75"
"2025-03-26 00:00:00,000","1071,75"
"2025-03-27 00:00:00,000","1072,25"
"2025-03-28 00:00:00,000","1073,5"
"2025-03-31 00:00:00,000",1074
"2025-01-04 00:00:00,000","1074,75"
"2025-03-04 00:00:00,000",1075
"2025-04-04 00:00:00,000",1076
"2025-07-04 00:00:00,000",1076
"2025-08-04 00:00:00,000","1076,25"
"2025-09-04 00:00:00,000","1077,25"
"2025-10-04 00:00:00,000",1077
"2025-11-04 00:00:00,000",1078
"2025-04-14 00:00:00,000",1198
"2025-04-15 00:00:00,000",1200
"2025-04-16 00:00:00,000",1135
"2025-04-21 00:00:00,000",1094
"2025-04-22 00:00:00,000",1104
"2025-04-23 00:00:00,000",1160
"2025-04-24 00:00:00,000",1174
"2025-04-25 00:00:00,000","1169,5"
"2025-04-28 00:00:00,000",1178
